"Geo Code","Geo Name","Line Number"
"2021A0011A0A","A0A",2
"2021A0011A0B","A0B",2633
"2021A0011A0C","A0C",5264
"2021A0011A0E","A0E",7895
"2021A0011A0G","A0G",10526
"2021A0011A0H","A0H",13157
"2021A0011A0J","A0J",15788
"2021A0011A0K","A0K",18419
"2021A0011A0L","A0L",21050
"2021A0011A0M","A0M",23681
"2021A0011A0N","A0N",26312
"2021A0011A0P","A0P",28943
"2021A0011A0R","A0R",31574
"2021A0011A1A","A1A",34205
"2021A0011A1B","A1B",36836
"2021A0011A1C","A1C",39467
"2021A0011A1E","A1E",42098
"2021A0011A1G","A1G",44729
"2021A0011A1H","A1H",47360
"2021A0011A1K","A1K",49991
"2021A0011A1L","A1L",52622
"2021A0011A1M","A1M",55253
"2021A0011A1N","A1N",57884
"2021A0011A1S","A1S",60515
"2021A0011A1V","A1V",63146
"2021A0011A1W","A1W",65777
"2021A0011A1X","A1X",68408
"2021A0011A1Y","A1Y",71039
"2021A0011A2A","A2A",73670
"2021A0011A2B","A2B",76301
"2021A0011A2H","A2H",78932
"2021A0011A2N","A2N",81563
"2021A0011A2V","A2V",84194
"2021A0011A5A","A5A",86825
"2021A0011A8A","A8A",89456
"2021A0011B0C","B0C",92087
"2021A0011B0E","B0E",94718
"2021A0011B0H","B0H",97349
"2021A0011B0J","B0J",99980
"2021A0011B0K","B0K",102611
"2021A0011B0L","B0L",105242
"2021A0011B0M","B0M",107873
"2021A0011B0N","B0N",110504
"2021A0011B0P","B0P",113135
"2021A0011B0R","B0R",115766
"2021A0011B0S","B0S",118397
"2021A0011B0T","B0T",121028
"2021A0011B0V","B0V",123659
"2021A0011B0W","B0W",126290
"2021A0011B1A","B1A",128921
"2021A0011B1B","B1B",131552
"2021A0011B1C","B1C",134183
"2021A0011B1E","B1E",136814
"2021A0011B1G","B1G",139445
"2021A0011B1H","B1H",142076
"2021A0011B1J","B1J",144707
"2021A0011B1K","B1K",147338
"2021A0011B1L","B1L",149969
"2021A0011B1M","B1M",152600
"2021A0011B1N","B1N",155231
"2021A0011B1P","B1P",157862
"2021A0011B1R","B1R",160493
"2021A0011B1S","B1S",163124
"2021A0011B1T","B1T",165755
"2021A0011B1V","B1V",168386
"2021A0011B1W","B1W",171017
"2021A0011B1X","B1X",173648
"2021A0011B1Y","B1Y",176279
"2021A0011B2A","B2A",178910
"2021A0011B2C","B2C",181541
"2021A0011B2E","B2E",184172
"2021A0011B2G","B2G",186803
"2021A0011B2H","B2H",189434
"2021A0011B2J","B2J",192065
"2021A0011B2N","B2N",194696
"2021A0011B2R","B2R",197327
"2021A0011B2S","B2S",199958
"2021A0011B2T","B2T",202589
"2021A0011B2V","B2V",205220
"2021A0011B2W","B2W",207851
"2021A0011B2X","B2X",210482
"2021A0011B2Y","B2Y",213113
"2021A0011B2Z","B2Z",215744
"2021A0011B3A","B3A",218375
"2021A0011B3B","B3B",221006
"2021A0011B3E","B3E",223637
"2021A0011B3G","B3G",226268
"2021A0011B3H","B3H",228899
"2021A0011B3J","B3J",231530
"2021A0011B3K","B3K",234161
"2021A0011B3L","B3L",236792
"2021A0011B3M","B3M",239423
"2021A0011B3N","B3N",242054
"2021A0011B3P","B3P",244685
"2021A0011B3R","B3R",247316
"2021A0011B3S","B3S",249947
"2021A0011B3T","B3T",252578
"2021A0011B3V","B3V",255209
"2021A0011B3Z","B3Z",257840
"2021A0011B4A","B4A",260471
"2021A0011B4B","B4B",263102
"2021A0011B4C","B4C",265733
"2021A0011B4E","B4E",268364
"2021A0011B4G","B4G",270995
"2021A0011B4H","B4H",273626
"2021A0011B4N","B4N",276257
"2021A0011B4P","B4P",278888
"2021A0011B4R","B4R",281519
"2021A0011B4V","B4V",284150
"2021A0011B5A","B5A",286781
"2021A0011B6L","B6L",289412
"2021A0011B9A","B9A",292043
"2021A0011C0A","C0A",294674
"2021A0011C0B","C0B",297305
"2021A0011C1A","C1A",299936
"2021A0011C1B","C1B",302567
"2021A0011C1C","C1C",305198
"2021A0011C1E","C1E",307829
"2021A0011C1N","C1N",310460
"2021A0011E1A","E1A",313091
"2021A0011E1B","E1B",315722
"2021A0011E1C","E1C",318353
"2021A0011E1E","E1E",320984
"2021A0011E1G","E1G",323615
"2021A0011E1H","E1H",326246
"2021A0011E1J","E1J",328877
"2021A0011E1N","E1N",331508
"2021A0011E1V","E1V",334139
"2021A0011E1W","E1W",336770
"2021A0011E1X","E1X",339401
"2021A0011E2A","E2A",342032
"2021A0011E2E","E2E",344663
"2021A0011E2G","E2G",347294
"2021A0011E2H","E2H",349925
"2021A0011E2J","E2J",352556
"2021A0011E2K","E2K",355187
"2021A0011E2L","E2L",357818
"2021A0011E2M","E2M",360449
"2021A0011E2N","E2N",363080
"2021A0011E2P","E2P",365711
"2021A0011E2R","E2R",368342
"2021A0011E2S","E2S",370973
"2021A0011E2V","E2V",373604
"2021A0011E3A","E3A",376235
"2021A0011E3B","E3B",378866
"2021A0011E3C","E3C",381497
"2021A0011E3E","E3E",384128
"2021A0011E3G","E3G",386759
"2021A0011E3L","E3L",389390
"2021A0011E3N","E3N",392021
"2021A0011E3V","E3V",394652
"2021A0011E3Y","E3Y",397283
"2021A0011E3Z","E3Z",399914
"2021A0011E4A","E4A",402545
"2021A0011E4B","E4B",405176
"2021A0011E4C","E4C",407807
"2021A0011E4E","E4E",410438
"2021A0011E4G","E4G",413069
"2021A0011E4H","E4H",415700
"2021A0011E4J","E4J",418331
"2021A0011E4K","E4K",420962
"2021A0011E4L","E4L",423593
"2021A0011E4M","E4M",426224
"2021A0011E4N","E4N",428855
"2021A0011E4P","E4P",431486
"2021A0011E4R","E4R",434117
"2021A0011E4S","E4S",436748
"2021A0011E4T","E4T",439379
"2021A0011E4V","E4V",442010
"2021A0011E4W","E4W",444641
"2021A0011E4X","E4X",447272
"2021A0011E4Y","E4Y",449903
"2021A0011E4Z","E4Z",452534
"2021A0011E5A","E5A",455165
"2021A0011E5B","E5B",457796
"2021A0011E5C","E5C",460427
"2021A0011E5E","E5E",463058
"2021A0011E5G","E5G",465689
"2021A0011E5H","E5H",468320
"2021A0011E5J","E5J",470951
"2021A0011E5K","E5K",473582
"2021A0011E5L","E5L",476213
"2021A0011E5M","E5M",478844
"2021A0011E5N","E5N",481475
"2021A0011E5P","E5P",484106
"2021A0011E5R","E5R",486737
"2021A0011E5S","E5S",489368
"2021A0011E5T","E5T",491999
"2021A0011E5V","E5V",494630
"2021A0011E6A","E6A",497261
"2021A0011E6B","E6B",499892
"2021A0011E6C","E6C",502523
"2021A0011E6E","E6E",505154
"2021A0011E6G","E6G",507785
"2021A0011E6H","E6H",510416
"2021A0011E6J","E6J",513047
"2021A0011E6K","E6K",515678
"2021A0011E6L","E6L",518309
"2021A0011E7A","E7A",520940
"2021A0011E7B","E7B",523571
"2021A0011E7C","E7C",526202
"2021A0011E7E","E7E",528833
"2021A0011E7G","E7G",531464
"2021A0011E7H","E7H",534095
"2021A0011E7J","E7J",536726
"2021A0011E7K","E7K",539357
"2021A0011E7L","E7L",541988
"2021A0011E7M","E7M",544619
"2021A0011E7N","E7N",547250
"2021A0011E7P","E7P",549881
"2021A0011E8A","E8A",552512
"2021A0011E8B","E8B",555143
"2021A0011E8C","E8C",557774
"2021A0011E8E","E8E",560405
"2021A0011E8G","E8G",563036
"2021A0011E8J","E8J",565667
"2021A0011E8K","E8K",568298
"2021A0011E8L","E8L",570929
"2021A0011E8M","E8M",573560
"2021A0011E8N","E8N",576191
"2021A0011E8P","E8P",578822
"2021A0011E8R","E8R",581453
"2021A0011E8S","E8S",584084
"2021A0011E8T","E8T",586715
"2021A0011E9A","E9A",589346
"2021A0011E9B","E9B",591977
"2021A0011E9C","E9C",594608
"2021A0011E9E","E9E",597239
"2021A0011E9G","E9G",599870
"2021A0011E9H","E9H",602501
"2021A0011G0A","G0A",605132
"2021A0011G0C","G0C",607763
"2021A0011G0E","G0E",610394
"2021A0011G0G","G0G",613025
"2021A0011G0H","G0H",615656
"2021A0011G0J","G0J",618287
"2021A0011G0K","G0K",620918
"2021A0011G0L","G0L",623549
"2021A0011G0M","G0M",626180
"2021A0011G0N","G0N",628811
"2021A0011G0P","G0P",631442
"2021A0011G0R","G0R",634073
"2021A0011G0S","G0S",636704
"2021A0011G0T","G0T",639335
"2021A0011G0V","G0V",641966
"2021A0011G0W","G0W",644597
"2021A0011G0X","G0X",647228
"2021A0011G0Y","G0Y",649859
"2021A0011G0Z","G0Z",652490
"2021A0011G1B","G1B",655121
"2021A0011G1C","G1C",657752
"2021A0011G1E","G1E",660383
"2021A0011G1G","G1G",663014
"2021A0011G1H","G1H",665645
"2021A0011G1J","G1J",668276
"2021A0011G1K","G1K",670907
"2021A0011G1L","G1L",673538
"2021A0011G1M","G1M",676169
"2021A0011G1N","G1N",678800
"2021A0011G1P","G1P",681431
"2021A0011G1R","G1R",684062
"2021A0011G1S","G1S",686693
"2021A0011G1T","G1T",689324
"2021A0011G1V","G1V",691955
"2021A0011G1W","G1W",694586
"2021A0011G1X","G1X",697217
"2021A0011G1Y","G1Y",699848
"2021A0011G2A","G2A",702479
"2021A0011G2B","G2B",705110
"2021A0011G2C","G2C",707741
"2021A0011G2E","G2E",710372
"2021A0011G2G","G2G",713003
"2021A0011G2J","G2J",715634
"2021A0011G2K","G2K",718265
"2021A0011G2L","G2L",720896
"2021A0011G2M","G2M",723527
"2021A0011G2N","G2N",726158
"2021A0011G3A","G3A",728789
"2021A0011G3B","G3B",731420
"2021A0011G3C","G3C",734051
"2021A0011G3E","G3E",736682
"2021A0011G3G","G3G",739313
"2021A0011G3H","G3H",741944
"2021A0011G3J","G3J",744575
"2021A0011G3K","G3K",747206
"2021A0011G3L","G3L",749837
"2021A0011G3M","G3M",752468
"2021A0011G3N","G3N",755099
"2021A0011G3S","G3S",757730
"2021A0011G3Z","G3Z",760361
"2021A0011G4A","G4A",762992
"2021A0011G4R","G4R",765623
"2021A0011G4S","G4S",768254
"2021A0011G4T","G4T",770885
"2021A0011G4V","G4V",773516
"2021A0011G4W","G4W",776147
"2021A0011G4X","G4X",778778
"2021A0011G4Z","G4Z",781409
"2021A0011G5A","G5A",784040
"2021A0011G5B","G5B",786671
"2021A0011G5C","G5C",789302
"2021A0011G5H","G5H",791933
"2021A0011G5J","G5J",794564
"2021A0011G5L","G5L",797195
"2021A0011G5M","G5M",799826
"2021A0011G5N","G5N",802457
"2021A0011G5R","G5R",805088
"2021A0011G5T","G5T",807719
"2021A0011G5V","G5V",810350
"2021A0011G5X","G5X",812981
"2021A0011G5Y","G5Y",815612
"2021A0011G5Z","G5Z",818243
"2021A0011G6A","G6A",820874
"2021A0011G6B","G6B",823505
"2021A0011G6C","G6C",826136
"2021A0011G6E","G6E",828767
"2021A0011G6G","G6G",831398
"2021A0011G6H","G6H",834029
"2021A0011G6J","G6J",836660
"2021A0011G6K","G6K",839291
"2021A0011G6L","G6L",841922
"2021A0011G6P","G6P",844553
"2021A0011G6R","G6R",847184
"2021A0011G6S","G6S",849815
"2021A0011G6T","G6T",852446
"2021A0011G6V","G6V",855077
"2021A0011G6W","G6W",857708
"2021A0011G6X","G6X",860339
"2021A0011G6Y","G6Y",862970
"2021A0011G6Z","G6Z",865601
"2021A0011G7A","G7A",868232
"2021A0011G7B","G7B",870863
"2021A0011G7G","G7G",873494
"2021A0011G7H","G7H",876125
"2021A0011G7J","G7J",878756
"2021A0011G7K","G7K",881387
"2021A0011G7N","G7N",884018
"2021A0011G7P","G7P",886649
"2021A0011G7S","G7S",889280
"2021A0011G7T","G7T",891911
"2021A0011G7X","G7X",894542
"2021A0011G7Y","G7Y",897173
"2021A0011G7Z","G7Z",899804
"2021A0011G8A","G8A",902435
"2021A0011G8B","G8B",905066
"2021A0011G8C","G8C",907697
"2021A0011G8E","G8E",910328
"2021A0011G8G","G8G",912959
"2021A0011G8H","G8H",915590
"2021A0011G8J","G8J",918221
"2021A0011G8K","G8K",920852
"2021A0011G8L","G8L",923483
"2021A0011G8M","G8M",926114
"2021A0011G8N","G8N",928745
"2021A0011G8P","G8P",931376
"2021A0011G8T","G8T",934007
"2021A0011G8V","G8V",936638
"2021A0011G8W","G8W",939269
"2021A0011G8Y","G8Y",941900
"2021A0011G8Z","G8Z",944531
"2021A0011G9A","G9A",947162
"2021A0011G9B","G9B",949793
"2021A0011G9C","G9C",952424
"2021A0011G9H","G9H",955055
"2021A0011G9N","G9N",957686
"2021A0011G9P","G9P",960317
"2021A0011G9R","G9R",962948
"2021A0011G9T","G9T",965579
"2021A0011G9X","G9X",968210
"2021A0011H1A","H1A",970841
"2021A0011H1B","H1B",973472
"2021A0011H1C","H1C",976103
"2021A0011H1E","H1E",978734
"2021A0011H1G","H1G",981365
"2021A0011H1H","H1H",983996
"2021A0011H1J","H1J",986627
"2021A0011H1K","H1K",989258
"2021A0011H1L","H1L",991889
"2021A0011H1M","H1M",994520
"2021A0011H1N","H1N",997151
"2021A0011H1P","H1P",999782
"2021A0011H1R","H1R",1002413
"2021A0011H1S","H1S",1005044
"2021A0011H1T","H1T",1007675
"2021A0011H1V","H1V",1010306
"2021A0011H1W","H1W",1012937
"2021A0011H1X","H1X",1015568
"2021A0011H1Y","H1Y",1018199
"2021A0011H1Z","H1Z",1020830
"2021A0011H2A","H2A",1023461
"2021A0011H2B","H2B",1026092
"2021A0011H2C","H2C",1028723
"2021A0011H2E","H2E",1031354
"2021A0011H2G","H2G",1033985
"2021A0011H2H","H2H",1036616
"2021A0011H2J","H2J",1039247
"2021A0011H2K","H2K",1041878
"2021A0011H2L","H2L",1044509
"2021A0011H2M","H2M",1047140
"2021A0011H2N","H2N",1049771
"2021A0011H2P","H2P",1052402
"2021A0011H2R","H2R",1055033
"2021A0011H2S","H2S",1057664
"2021A0011H2T","H2T",1060295
"2021A0011H2V","H2V",1062926
"2021A0011H2W","H2W",1065557
"2021A0011H2X","H2X",1068188
"2021A0011H2Y","H2Y",1070819
"2021A0011H2Z","H2Z",1073450
"2021A0011H3A","H3A",1076081
"2021A0011H3B","H3B",1078712
"2021A0011H3C","H3C",1081343
"2021A0011H3E","H3E",1083974
"2021A0011H3G","H3G",1086605
"2021A0011H3H","H3H",1089236
"2021A0011H3J","H3J",1091867
"2021A0011H3K","H3K",1094498
"2021A0011H3L","H3L",1097129
"2021A0011H3M","H3M",1099760
"2021A0011H3N","H3N",1102391
"2021A0011H3P","H3P",1105022
"2021A0011H3R","H3R",1107653
"2021A0011H3S","H3S",1110284
"2021A0011H3T","H3T",1112915
"2021A0011H3V","H3V",1115546
"2021A0011H3W","H3W",1118177
"2021A0011H3X","H3X",1120808
"2021A0011H3Y","H3Y",1123439
"2021A0011H3Z","H3Z",1126070
"2021A0011H4A","H4A",1128701
"2021A0011H4B","H4B",1131332
"2021A0011H4C","H4C",1133963
"2021A0011H4E","H4E",1136594
"2021A0011H4G","H4G",1139225
"2021A0011H4H","H4H",1141856
"2021A0011H4J","H4J",1144487
"2021A0011H4K","H4K",1147118
"2021A0011H4L","H4L",1149749
"2021A0011H4M","H4M",1152380
"2021A0011H4N","H4N",1155011
"2021A0011H4P","H4P",1157642
"2021A0011H4R","H4R",1160273
"2021A0011H4S","H4S",1162904
"2021A0011H4T","H4T",1165535
"2021A0011H4V","H4V",1168166
"2021A0011H4W","H4W",1170797
"2021A0011H4X","H4X",1173428
"2021A0011H7A","H7A",1176059
"2021A0011H7B","H7B",1178690
"2021A0011H7C","H7C",1181321
"2021A0011H7E","H7E",1183952
"2021A0011H7G","H7G",1186583
"2021A0011H7H","H7H",1189214
"2021A0011H7J","H7J",1191845
"2021A0011H7K","H7K",1194476
"2021A0011H7L","H7L",1197107
"2021A0011H7M","H7M",1199738
"2021A0011H7N","H7N",1202369
"2021A0011H7P","H7P",1205000
"2021A0011H7R","H7R",1207631
"2021A0011H7S","H7S",1210262
"2021A0011H7T","H7T",1212893
"2021A0011H7V","H7V",1215524
"2021A0011H7W","H7W",1218155
"2021A0011H7X","H7X",1220786
"2021A0011H7Y","H7Y",1223417
"2021A0011H8N","H8N",1226048
"2021A0011H8P","H8P",1228679
"2021A0011H8R","H8R",1231310
"2021A0011H8S","H8S",1233941
"2021A0011H8T","H8T",1236572
"2021A0011H8Y","H8Y",1239203
"2021A0011H8Z","H8Z",1241834
"2021A0011H9A","H9A",1244465
"2021A0011H9B","H9B",1247096
"2021A0011H9C","H9C",1249727
"2021A0011H9E","H9E",1252358
"2021A0011H9G","H9G",1254989
"2021A0011H9H","H9H",1257620
"2021A0011H9J","H9J",1260251
"2021A0011H9K","H9K",1262882
"2021A0011H9P","H9P",1265513
"2021A0011H9R","H9R",1268144
"2021A0011H9S","H9S",1270775
"2021A0011H9W","H9W",1273406
"2021A0011H9X","H9X",1276037
"2021A0011J0A","J0A",1278668
"2021A0011J0B","J0B",1281299
"2021A0011J0C","J0C",1283930
"2021A0011J0E","J0E",1286561
"2021A0011J0G","J0G",1289192
"2021A0011J0H","J0H",1291823
"2021A0011J0J","J0J",1294454
"2021A0011J0K","J0K",1297085
"2021A0011J0L","J0L",1299716
"2021A0011J0M","J0M",1302347
"2021A0011J0N","J0N",1304978
"2021A0011J0P","J0P",1307609
"2021A0011J0R","J0R",1310240
"2021A0011J0S","J0S",1312871
"2021A0011J0T","J0T",1315502
"2021A0011J0V","J0V",1318133
"2021A0011J0W","J0W",1320764
"2021A0011J0X","J0X",1323395
"2021A0011J0Y","J0Y",1326026
"2021A0011J0Z","J0Z",1328657
"2021A0011J1A","J1A",1331288
"2021A0011J1C","J1C",1333919
"2021A0011J1E","J1E",1336550
"2021A0011J1G","J1G",1339181
"2021A0011J1H","J1H",1341812
"2021A0011J1J","J1J",1344443
"2021A0011J1K","J1K",1347074
"2021A0011J1L","J1L",1349705
"2021A0011J1M","J1M",1352336
"2021A0011J1N","J1N",1354967
"2021A0011J1R","J1R",1357598
"2021A0011J1S","J1S",1360229
"2021A0011J1T","J1T",1362860
"2021A0011J1X","J1X",1365491
"2021A0011J1Z","J1Z",1368122
"2021A0011J2A","J2A",1370753
"2021A0011J2B","J2B",1373384
"2021A0011J2C","J2C",1376015
"2021A0011J2E","J2E",1378646
"2021A0011J2G","J2G",1381277
"2021A0011J2H","J2H",1383908
"2021A0011J2J","J2J",1386539
"2021A0011J2K","J2K",1389170
"2021A0011J2L","J2L",1391801
"2021A0011J2M","J2M",1394432
"2021A0011J2N","J2N",1397063
"2021A0011J2R","J2R",1399694
"2021A0011J2S","J2S",1402325
"2021A0011J2T","J2T",1404956
"2021A0011J2W","J2W",1407587
"2021A0011J2X","J2X",1410218
"2021A0011J2Y","J2Y",1412849
"2021A0011J3A","J3A",1415480
"2021A0011J3B","J3B",1418111
"2021A0011J3E","J3E",1420742
"2021A0011J3G","J3G",1423373
"2021A0011J3H","J3H",1426004
"2021A0011J3L","J3L",1428635
"2021A0011J3M","J3M",1431266
"2021A0011J3N","J3N",1433897
"2021A0011J3P","J3P",1436528
"2021A0011J3R","J3R",1439159
"2021A0011J3T","J3T",1441790
"2021A0011J3V","J3V",1444421
"2021A0011J3X","J3X",1447052
"2021A0011J3Y","J3Y",1449683
"2021A0011J3Z","J3Z",1452314
"2021A0011J4B","J4B",1454945
"2021A0011J4G","J4G",1457576
"2021A0011J4H","J4H",1460207
"2021A0011J4J","J4J",1462838
"2021A0011J4K","J4K",1465469
"2021A0011J4L","J4L",1468100
"2021A0011J4M","J4M",1470731
"2021A0011J4N","J4N",1473362
"2021A0011J4P","J4P",1475993
"2021A0011J4R","J4R",1478624
"2021A0011J4S","J4S",1481255
"2021A0011J4T","J4T",1483886
"2021A0011J4V","J4V",1486517
"2021A0011J4W","J4W",1489148
"2021A0011J4X","J4X",1491779
"2021A0011J4Y","J4Y",1494410
"2021A0011J4Z","J4Z",1497041
"2021A0011J5A","J5A",1499672
"2021A0011J5B","J5B",1502303
"2021A0011J5C","J5C",1504934
"2021A0011J5J","J5J",1507565
"2021A0011J5K","J5K",1510196
"2021A0011J5L","J5L",1512827
"2021A0011J5M","J5M",1515458
"2021A0011J5N","J5N",1518089
"2021A0011J5R","J5R",1520720
"2021A0011J5T","J5T",1523351
"2021A0011J5V","J5V",1525982
"2021A0011J5W","J5W",1528613
"2021A0011J5X","J5X",1531244
"2021A0011J5Y","J5Y",1533875
"2021A0011J5Z","J5Z",1536506
"2021A0011J6A","J6A",1539137
"2021A0011J6E","J6E",1541768
"2021A0011J6J","J6J",1544399
"2021A0011J6K","J6K",1547030
"2021A0011J6N","J6N",1549661
"2021A0011J6R","J6R",1552292
"2021A0011J6S","J6S",1554923
"2021A0011J6T","J6T",1557554
"2021A0011J6V","J6V",1560185
"2021A0011J6W","J6W",1562816
"2021A0011J6X","J6X",1565447
"2021A0011J6Y","J6Y",1568078
"2021A0011J6Z","J6Z",1570709
"2021A0011J7A","J7A",1573340
"2021A0011J7B","J7B",1575971
"2021A0011J7C","J7C",1578602
"2021A0011J7E","J7E",1581233
"2021A0011J7G","J7G",1583864
"2021A0011J7H","J7H",1586495
"2021A0011J7J","J7J",1589126
"2021A0011J7K","J7K",1591757
"2021A0011J7L","J7L",1594388
"2021A0011J7M","J7M",1597019
"2021A0011J7N","J7N",1599650
"2021A0011J7P","J7P",1602281
"2021A0011J7R","J7R",1604912
"2021A0011J7T","J7T",1607543
"2021A0011J7V","J7V",1610174
"2021A0011J7W","J7W",1612805
"2021A0011J7X","J7X",1615436
"2021A0011J7Y","J7Y",1618067
"2021A0011J7Z","J7Z",1620698
"2021A0011J8A","J8A",1623329
"2021A0011J8B","J8B",1625960
"2021A0011J8C","J8C",1628591
"2021A0011J8E","J8E",1631222
"2021A0011J8G","J8G",1633853
"2021A0011J8H","J8H",1636484
"2021A0011J8L","J8L",1639115
"2021A0011J8M","J8M",1641746
"2021A0011J8N","J8N",1644377
"2021A0011J8P","J8P",1647008
"2021A0011J8R","J8R",1649639
"2021A0011J8T","J8T",1652270
"2021A0011J8V","J8V",1654901
"2021A0011J8X","J8X",1657532
"2021A0011J8Y","J8Y",1660163
"2021A0011J8Z","J8Z",1662794
"2021A0011J9A","J9A",1665425
"2021A0011J9B","J9B",1668056
"2021A0011J9E","J9E",1670687
"2021A0011J9H","J9H",1673318
"2021A0011J9J","J9J",1675949
"2021A0011J9L","J9L",1678580
"2021A0011J9P","J9P",1681211
"2021A0011J9T","J9T",1683842
"2021A0011J9V","J9V",1686473
"2021A0011J9X","J9X",1689104
"2021A0011J9Y","J9Y",1691735
"2021A0011J9Z","J9Z",1694366
"2021A0011K0A","K0A",1696997
"2021A0011K0B","K0B",1699628
"2021A0011K0C","K0C",1702259
"2021A0011K0E","K0E",1704890
"2021A0011K0G","K0G",1707521
"2021A0011K0H","K0H",1710152
"2021A0011K0J","K0J",1712783
"2021A0011K0K","K0K",1715414
"2021A0011K0L","K0L",1718045
"2021A0011K0M","K0M",1720676
"2021A0011K1A","K1A",1723307
"2021A0011K1B","K1B",1725938
"2021A0011K1C","K1C",1728569
"2021A0011K1E","K1E",1731200
"2021A0011K1G","K1G",1733831
"2021A0011K1H","K1H",1736462
"2021A0011K1J","K1J",1739093
"2021A0011K1K","K1K",1741724
"2021A0011K1L","K1L",1744355
"2021A0011K1M","K1M",1746986
"2021A0011K1N","K1N",1749617
"2021A0011K1P","K1P",1752248
"2021A0011K1R","K1R",1754879
"2021A0011K1S","K1S",1757510
"2021A0011K1T","K1T",1760141
"2021A0011K1V","K1V",1762772
"2021A0011K1W","K1W",1765403
"2021A0011K1X","K1X",1768034
"2021A0011K1Y","K1Y",1770665
"2021A0011K1Z","K1Z",1773296
"2021A0011K2A","K2A",1775927
"2021A0011K2B","K2B",1778558
"2021A0011K2C","K2C",1781189
"2021A0011K2E","K2E",1783820
"2021A0011K2G","K2G",1786451
"2021A0011K2H","K2H",1789082
"2021A0011K2J","K2J",1791713
"2021A0011K2K","K2K",1794344
"2021A0011K2L","K2L",1796975
"2021A0011K2M","K2M",1799606
"2021A0011K2P","K2P",1802237
"2021A0011K2R","K2R",1804868
"2021A0011K2S","K2S",1807499
"2021A0011K2T","K2T",1810130
"2021A0011K2V","K2V",1812761
"2021A0011K2W","K2W",1815392
"2021A0011K4A","K4A",1818023
"2021A0011K4B","K4B",1820654
"2021A0011K4C","K4C",1823285
"2021A0011K4K","K4K",1825916
"2021A0011K4M","K4M",1828547
"2021A0011K4P","K4P",1831178
"2021A0011K4R","K4R",1833809
"2021A0011K6A","K6A",1836440
"2021A0011K6H","K6H",1839071
"2021A0011K6J","K6J",1841702
"2021A0011K6K","K6K",1844333
"2021A0011K6T","K6T",1846964
"2021A0011K6V","K6V",1849595
"2021A0011K7A","K7A",1852226
"2021A0011K7C","K7C",1854857
"2021A0011K7G","K7G",1857488
"2021A0011K7H","K7H",1860119
"2021A0011K7K","K7K",1862750
"2021A0011K7L","K7L",1865381
"2021A0011K7M","K7M",1868012
"2021A0011K7N","K7N",1870643
"2021A0011K7P","K7P",1873274
"2021A0011K7R","K7R",1875905
"2021A0011K7S","K7S",1878536
"2021A0011K7V","K7V",1881167
"2021A0011K8A","K8A",1883798
"2021A0011K8B","K8B",1886429
"2021A0011K8H","K8H",1889060
"2021A0011K8N","K8N",1891691
"2021A0011K8P","K8P",1894322
"2021A0011K8R","K8R",1896953
"2021A0011K8V","K8V",1899584
"2021A0011K9A","K9A",1902215
"2021A0011K9H","K9H",1904846
"2021A0011K9J","K9J",1907477
"2021A0011K9K","K9K",1910108
"2021A0011K9L","K9L",1912739
"2021A0011K9V","K9V",1915370
"2021A0011L0A","L0A",1918001
"2021A0011L0B","L0B",1920632
"2021A0011L0C","L0C",1923263
"2021A0011L0E","L0E",1925894
"2021A0011L0G","L0G",1928525
"2021A0011L0H","L0H",1931156
"2021A0011L0J","L0J",1933787
"2021A0011L0K","L0K",1936418
"2021A0011L0L","L0L",1939049
"2021A0011L0M","L0M",1941680
"2021A0011L0N","L0N",1944311
"2021A0011L0P","L0P",1946942
"2021A0011L0R","L0R",1949573
"2021A0011L0S","L0S",1952204
"2021A0011L1A","L1A",1954835
"2021A0011L1B","L1B",1957466
"2021A0011L1C","L1C",1960097
"2021A0011L1E","L1E",1962728
"2021A0011L1G","L1G",1965359
"2021A0011L1H","L1H",1967990
"2021A0011L1J","L1J",1970621
"2021A0011L1K","L1K",1973252
"2021A0011L1L","L1L",1975883
"2021A0011L1M","L1M",1978514
"2021A0011L1N","L1N",1981145
"2021A0011L1P","L1P",1983776
"2021A0011L1R","L1R",1986407
"2021A0011L1S","L1S",1989038
"2021A0011L1T","L1T",1991669
"2021A0011L1V","L1V",1994300
"2021A0011L1W","L1W",1996931
"2021A0011L1X","L1X",1999562
"2021A0011L1Y","L1Y",2002193
"2021A0011L1Z","L1Z",2004824
"2021A0011L2A","L2A",2007455
"2021A0011L2E","L2E",2010086
"2021A0011L2G","L2G",2012717
"2021A0011L2H","L2H",2015348
"2021A0011L2J","L2J",2017979
"2021A0011L2M","L2M",2020610
"2021A0011L2N","L2N",2023241
"2021A0011L2P","L2P",2025872
"2021A0011L2R","L2R",2028503
"2021A0011L2S","L2S",2031134
"2021A0011L2T","L2T",2033765
"2021A0011L2V","L2V",2036396
"2021A0011L2W","L2W",2039027
"2021A0011L3B","L3B",2041658
"2021A0011L3C","L3C",2044289
"2021A0011L3K","L3K",2046920
"2021A0011L3L","L3L",2049551
"2021A0011L3M","L3M",2052182
"2021A0011L3P","L3P",2054813
"2021A0011L3R","L3R",2057444
"2021A0011L3S","L3S",2060075
"2021A0011L3T","L3T",2062706
"2021A0011L3V","L3V",2065337
"2021A0011L3X","L3X",2067968
"2021A0011L3Y","L3Y",2070599
"2021A0011L3Z","L3Z",2073230
"2021A0011L4A","L4A",2075861
"2021A0011L4B","L4B",2078492
"2021A0011L4C","L4C",2081123
"2021A0011L4E","L4E",2083754
"2021A0011L4G","L4G",2086385
"2021A0011L4H","L4H",2089016
"2021A0011L4J","L4J",2091647
"2021A0011L4K","L4K",2094278
"2021A0011L4L","L4L",2096909
"2021A0011L4M","L4M",2099540
"2021A0011L4N","L4N",2102171
"2021A0011L4P","L4P",2104802
"2021A0011L4R","L4R",2107433
"2021A0011L4S","L4S",2110064
"2021A0011L4T","L4T",2112695
"2021A0011L4V","L4V",2115326
"2021A0011L4W","L4W",2117957
"2021A0011L4X","L4X",2120588
"2021A0011L4Y","L4Y",2123219
"2021A0011L4Z","L4Z",2125850
"2021A0011L5A","L5A",2128481
"2021A0011L5B","L5B",2131112
"2021A0011L5C","L5C",2133743
"2021A0011L5E","L5E",2136374
"2021A0011L5G","L5G",2139005
"2021A0011L5H","L5H",2141636
"2021A0011L5J","L5J",2144267
"2021A0011L5K","L5K",2146898
"2021A0011L5L","L5L",2149529
"2021A0011L5M","L5M",2152160
"2021A0011L5N","L5N",2154791
"2021A0011L5R","L5R",2157422
"2021A0011L5S","L5S",2160053
"2021A0011L5T","L5T",2162684
"2021A0011L5V","L5V",2165315
"2021A0011L5W","L5W",2167946
"2021A0011L6A","L6A",2170577
"2021A0011L6B","L6B",2173208
"2021A0011L6C","L6C",2175839
"2021A0011L6E","L6E",2178470
"2021A0011L6G","L6G",2181101
"2021A0011L6H","L6H",2183732
"2021A0011L6J","L6J",2186363
"2021A0011L6K","L6K",2188994
"2021A0011L6L","L6L",2191625
"2021A0011L6M","L6M",2194256
"2021A0011L6P","L6P",2196887
"2021A0011L6R","L6R",2199518
"2021A0011L6S","L6S",2202149
"2021A0011L6T","L6T",2204780
"2021A0011L6V","L6V",2207411
"2021A0011L6W","L6W",2210042
"2021A0011L6X","L6X",2212673
"2021A0011L6Y","L6Y",2215304
"2021A0011L6Z","L6Z",2217935
"2021A0011L7A","L7A",2220566
"2021A0011L7B","L7B",2223197
"2021A0011L7C","L7C",2225828
"2021A0011L7E","L7E",2228459
"2021A0011L7G","L7G",2231090
"2021A0011L7J","L7J",2233721
"2021A0011L7K","L7K",2236352
"2021A0011L7L","L7L",2238983
"2021A0011L7M","L7M",2241614
"2021A0011L7N","L7N",2244245
"2021A0011L7P","L7P",2246876
"2021A0011L7R","L7R",2249507
"2021A0011L7S","L7S",2252138
"2021A0011L7T","L7T",2254769
"2021A0011L8B","L8B",2257400
"2021A0011L8E","L8E",2260031
"2021A0011L8G","L8G",2262662
"2021A0011L8H","L8H",2265293
"2021A0011L8J","L8J",2267924
"2021A0011L8K","L8K",2270555
"2021A0011L8L","L8L",2273186
"2021A0011L8M","L8M",2275817
"2021A0011L8N","L8N",2278448
"2021A0011L8P","L8P",2281079
"2021A0011L8R","L8R",2283710
"2021A0011L8S","L8S",2286341
"2021A0011L8T","L8T",2288972
"2021A0011L8V","L8V",2291603
"2021A0011L8W","L8W",2294234
"2021A0011L9A","L9A",2296865
"2021A0011L9B","L9B",2299496
"2021A0011L9C","L9C",2302127
"2021A0011L9E","L9E",2304758
"2021A0011L9G","L9G",2307389
"2021A0011L9H","L9H",2310020
"2021A0011L9J","L9J",2312651
"2021A0011L9K","L9K",2315282
"2021A0011L9L","L9L",2317913
"2021A0011L9M","L9M",2320544
"2021A0011L9N","L9N",2323175
"2021A0011L9P","L9P",2325806
"2021A0011L9R","L9R",2328437
"2021A0011L9S","L9S",2331068
"2021A0011L9T","L9T",2333699
"2021A0011L9V","L9V",2336330
"2021A0011L9W","L9W",2338961
"2021A0011L9X","L9X",2341592
"2021A0011L9Y","L9Y",2344223
"2021A0011L9Z","L9Z",2346854
"2021A0011M1B","M1B",2349485
"2021A0011M1C","M1C",2352116
"2021A0011M1E","M1E",2354747
"2021A0011M1G","M1G",2357378
"2021A0011M1H","M1H",2360009
"2021A0011M1J","M1J",2362640
"2021A0011M1K","M1K",2365271
"2021A0011M1L","M1L",2367902
"2021A0011M1M","M1M",2370533
"2021A0011M1N","M1N",2373164
"2021A0011M1P","M1P",2375795
"2021A0011M1R","M1R",2378426
"2021A0011M1S","M1S",2381057
"2021A0011M1T","M1T",2383688
"2021A0011M1V","M1V",2386319
"2021A0011M1W","M1W",2388950
"2021A0011M1X","M1X",2391581
"2021A0011M2H","M2H",2394212
"2021A0011M2J","M2J",2396843
"2021A0011M2K","M2K",2399474
"2021A0011M2L","M2L",2402105
"2021A0011M2M","M2M",2404736
"2021A0011M2N","M2N",2407367
"2021A0011M2P","M2P",2409998
"2021A0011M2R","M2R",2412629
"2021A0011M3A","M3A",2415260
"2021A0011M3B","M3B",2417891
"2021A0011M3C","M3C",2420522
"2021A0011M3H","M3H",2423153
"2021A0011M3J","M3J",2425784
"2021A0011M3K","M3K",2428415
"2021A0011M3L","M3L",2431046
"2021A0011M3M","M3M",2433677
"2021A0011M3N","M3N",2436308
"2021A0011M4A","M4A",2438939
"2021A0011M4B","M4B",2441570
"2021A0011M4C","M4C",2444201
"2021A0011M4E","M4E",2446832
"2021A0011M4G","M4G",2449463
"2021A0011M4H","M4H",2452094
"2021A0011M4J","M4J",2454725
"2021A0011M4K","M4K",2457356
"2021A0011M4L","M4L",2459987
"2021A0011M4M","M4M",2462618
"2021A0011M4N","M4N",2465249
"2021A0011M4P","M4P",2467880
"2021A0011M4R","M4R",2470511
"2021A0011M4S","M4S",2473142
"2021A0011M4T","M4T",2475773
"2021A0011M4V","M4V",2478404
"2021A0011M4W","M4W",2481035
"2021A0011M4X","M4X",2483666
"2021A0011M4Y","M4Y",2486297
"2021A0011M5A","M5A",2488928
"2021A0011M5B","M5B",2491559
"2021A0011M5C","M5C",2494190
"2021A0011M5E","M5E",2496821
"2021A0011M5G","M5G",2499452
"2021A0011M5H","M5H",2502083
"2021A0011M5J","M5J",2504714
"2021A0011M5M","M5M",2507345
"2021A0011M5N","M5N",2509976
"2021A0011M5P","M5P",2512607
"2021A0011M5R","M5R",2515238
"2021A0011M5S","M5S",2517869
"2021A0011M5T","M5T",2520500
"2021A0011M5V","M5V",2523131
"2021A0011M6A","M6A",2525762
"2021A0011M6B","M6B",2528393
"2021A0011M6C","M6C",2531024
"2021A0011M6E","M6E",2533655
"2021A0011M6G","M6G",2536286
"2021A0011M6H","M6H",2538917
"2021A0011M6J","M6J",2541548
"2021A0011M6K","M6K",2544179
"2021A0011M6L","M6L",2546810
"2021A0011M6M","M6M",2549441
"2021A0011M6N","M6N",2552072
"2021A0011M6P","M6P",2554703
"2021A0011M6R","M6R",2557334
"2021A0011M6S","M6S",2559965
"2021A0011M7A","M7A",2562596
"2021A0011M8V","M8V",2565227
"2021A0011M8W","M8W",2567858
"2021A0011M8X","M8X",2570489
"2021A0011M8Y","M8Y",2573120
"2021A0011M8Z","M8Z",2575751
"2021A0011M9A","M9A",2578382
"2021A0011M9B","M9B",2581013
"2021A0011M9C","M9C",2583644
"2021A0011M9L","M9L",2586275
"2021A0011M9M","M9M",2588906
"2021A0011M9N","M9N",2591537
"2021A0011M9P","M9P",2594168
"2021A0011M9R","M9R",2596799
"2021A0011M9V","M9V",2599430
"2021A0011M9W","M9W",2602061
"2021A0011N0A","N0A",2604692
"2021A0011N0B","N0B",2607323
"2021A0011N0C","N0C",2609954
"2021A0011N0E","N0E",2612585
"2021A0011N0G","N0G",2615216
"2021A0011N0H","N0H",2617847
"2021A0011N0J","N0J",2620478
"2021A0011N0K","N0K",2623109
"2021A0011N0L","N0L",2625740
"2021A0011N0M","N0M",2628371
"2021A0011N0N","N0N",2631002
"2021A0011N0P","N0P",2633633
"2021A0011N0R","N0R",2636264
"2021A0011N1A","N1A",2638895
"2021A0011N1C","N1C",2641526
"2021A0011N1E","N1E",2644157
"2021A0011N1G","N1G",2646788
"2021A0011N1H","N1H",2649419
"2021A0011N1K","N1K",2652050
"2021A0011N1L","N1L",2654681
"2021A0011N1M","N1M",2657312
"2021A0011N1P","N1P",2659943
"2021A0011N1R","N1R",2662574
"2021A0011N1S","N1S",2665205
"2021A0011N1T","N1T",2667836
"2021A0011N2A","N2A",2670467
"2021A0011N2B","N2B",2673098
"2021A0011N2C","N2C",2675729
"2021A0011N2E","N2E",2678360
"2021A0011N2G","N2G",2680991
"2021A0011N2H","N2H",2683622
"2021A0011N2J","N2J",2686253
"2021A0011N2K","N2K",2688884
"2021A0011N2L","N2L",2691515
"2021A0011N2M","N2M",2694146
"2021A0011N2N","N2N",2696777
"2021A0011N2P","N2P",2699408
"2021A0011N2R","N2R",2702039
"2021A0011N2T","N2T",2704670
"2021A0011N2V","N2V",2707301
"2021A0011N2Z","N2Z",2709932
"2021A0011N3A","N3A",2712563
"2021A0011N3B","N3B",2715194
"2021A0011N3C","N3C",2717825
"2021A0011N3E","N3E",2720456
"2021A0011N3H","N3H",2723087
"2021A0011N3L","N3L",2725718
"2021A0011N3P","N3P",2728349
"2021A0011N3R","N3R",2730980
"2021A0011N3S","N3S",2733611
"2021A0011N3T","N3T",2736242
"2021A0011N3V","N3V",2738873
"2021A0011N3W","N3W",2741504
"2021A0011N3Y","N3Y",2744135
"2021A0011N4B","N4B",2746766
"2021A0011N4G","N4G",2749397
"2021A0011N4K","N4K",2752028
"2021A0011N4L","N4L",2754659
"2021A0011N4N","N4N",2757290
"2021A0011N4S","N4S",2759921
"2021A0011N4T","N4T",2762552
"2021A0011N4V","N4V",2765183
"2021A0011N4W","N4W",2767814
"2021A0011N4X","N4X",2770445
"2021A0011N4Z","N4Z",2773076
"2021A0011N5A","N5A",2775707
"2021A0011N5C","N5C",2778338
"2021A0011N5H","N5H",2780969
"2021A0011N5L","N5L",2783600
"2021A0011N5P","N5P",2786231
"2021A0011N5R","N5R",2788862
"2021A0011N5V","N5V",2791493
"2021A0011N5W","N5W",2794124
"2021A0011N5X","N5X",2796755
"2021A0011N5Y","N5Y",2799386
"2021A0011N5Z","N5Z",2802017
"2021A0011N6A","N6A",2804648
"2021A0011N6B","N6B",2807279
"2021A0011N6C","N6C",2809910
"2021A0011N6E","N6E",2812541
"2021A0011N6G","N6G",2815172
"2021A0011N6H","N6H",2817803
"2021A0011N6J","N6J",2820434
"2021A0011N6K","N6K",2823065
"2021A0011N6L","N6L",2825696
"2021A0011N6M","N6M",2828327
"2021A0011N6N","N6N",2830958
"2021A0011N6P","N6P",2833589
"2021A0011N7A","N7A",2836220
"2021A0011N7G","N7G",2838851
"2021A0011N7L","N7L",2841482
"2021A0011N7M","N7M",2844113
"2021A0011N7S","N7S",2846744
"2021A0011N7T","N7T",2849375
"2021A0011N7V","N7V",2852006
"2021A0011N7W","N7W",2854637
"2021A0011N7X","N7X",2857268
"2021A0011N8A","N8A",2859899
"2021A0011N8H","N8H",2862530
"2021A0011N8M","N8M",2865161
"2021A0011N8N","N8N",2867792
"2021A0011N8P","N8P",2870423
"2021A0011N8R","N8R",2873054
"2021A0011N8S","N8S",2875685
"2021A0011N8T","N8T",2878316
"2021A0011N8W","N8W",2880947
"2021A0011N8X","N8X",2883578
"2021A0011N8Y","N8Y",2886209
"2021A0011N9A","N9A",2888840
"2021A0011N9B","N9B",2891471
"2021A0011N9C","N9C",2894102
"2021A0011N9E","N9E",2896733
"2021A0011N9G","N9G",2899364
"2021A0011N9H","N9H",2901995
"2021A0011N9J","N9J",2904626
"2021A0011N9K","N9K",2907257
"2021A0011N9V","N9V",2909888
"2021A0011N9Y","N9Y",2912519
"2021A0011P0A","P0A",2915150
"2021A0011P0B","P0B",2917781
"2021A0011P0C","P0C",2920412
"2021A0011P0E","P0E",2923043
"2021A0011P0G","P0G",2925674
"2021A0011P0H","P0H",2928305
"2021A0011P0J","P0J",2930936
"2021A0011P0K","P0K",2933567
"2021A0011P0L","P0L",2936198
"2021A0011P0M","P0M",2938829
"2021A0011P0N","P0N",2941460
"2021A0011P0P","P0P",2944091
"2021A0011P0R","P0R",2946722
"2021A0011P0S","P0S",2949353
"2021A0011P0T","P0T",2951984
"2021A0011P0V","P0V",2954615
"2021A0011P0W","P0W",2957246
"2021A0011P0X","P0X",2959877
"2021A0011P0Y","P0Y",2962508
"2021A0011P1A","P1A",2965139
"2021A0011P1B","P1B",2967770
"2021A0011P1C","P1C",2970401
"2021A0011P1H","P1H",2973032
"2021A0011P1L","P1L",2975663
"2021A0011P1P","P1P",2978294
"2021A0011P2A","P2A",2980925
"2021A0011P2B","P2B",2983556
"2021A0011P2N","P2N",2986187
"2021A0011P3A","P3A",2988818
"2021A0011P3B","P3B",2991449
"2021A0011P3C","P3C",2994080
"2021A0011P3E","P3E",2996711
"2021A0011P3G","P3G",2999342
"2021A0011P3L","P3L",3001973
"2021A0011P3N","P3N",3004604
"2021A0011P3P","P3P",3007235
"2021A0011P3Y","P3Y",3009866
"2021A0011P4N","P4N",3012497
"2021A0011P4P","P4P",3015128
"2021A0011P4R","P4R",3017759
"2021A0011P5A","P5A",3020390
"2021A0011P5E","P5E",3023021
"2021A0011P5N","P5N",3025652
"2021A0011P6A","P6A",3028283
"2021A0011P6B","P6B",3030914
"2021A0011P6C","P6C",3033545
"2021A0011P7A","P7A",3036176
"2021A0011P7B","P7B",3038807
"2021A0011P7C","P7C",3041438
"2021A0011P7E","P7E",3044069
"2021A0011P7G","P7G",3046700
"2021A0011P7J","P7J",3049331
"2021A0011P7K","P7K",3051962
"2021A0011P7L","P7L",3054593
"2021A0011P8N","P8N",3057224
"2021A0011P8T","P8T",3059855
"2021A0011P9A","P9A",3062486
"2021A0011P9N","P9N",3065117
"2021A0011R0A","R0A",3067748
"2021A0011R0B","R0B",3070379
"2021A0011R0C","R0C",3073010
"2021A0011R0E","R0E",3075641
"2021A0011R0G","R0G",3078272
"2021A0011R0H","R0H",3080903
"2021A0011R0J","R0J",3083534
"2021A0011R0K","R0K",3086165
"2021A0011R0L","R0L",3088796
"2021A0011R0M","R0M",3091427
"2021A0011R1A","R1A",3094058
"2021A0011R1B","R1B",3096689
"2021A0011R1C","R1C",3099320
"2021A0011R1N","R1N",3101951
"2021A0011R2C","R2C",3104582
"2021A0011R2E","R2E",3107213
"2021A0011R2G","R2G",3109844
"2021A0011R2H","R2H",3112475
"2021A0011R2J","R2J",3115106
"2021A0011R2K","R2K",3117737
"2021A0011R2L","R2L",3120368
"2021A0011R2M","R2M",3122999
"2021A0011R2N","R2N",3125630
"2021A0011R2P","R2P",3128261
"2021A0011R2R","R2R",3130892
"2021A0011R2V","R2V",3133523
"2021A0011R2W","R2W",3136154
"2021A0011R2X","R2X",3138785
"2021A0011R2Y","R2Y",3141416
"2021A0011R3A","R3A",3144047
"2021A0011R3B","R3B",3146678
"2021A0011R3C","R3C",3149309
"2021A0011R3E","R3E",3151940
"2021A0011R3G","R3G",3154571
"2021A0011R3H","R3H",3157202
"2021A0011R3J","R3J",3159833
"2021A0011R3K","R3K",3162464
"2021A0011R3L","R3L",3165095
"2021A0011R3M","R3M",3167726
"2021A0011R3N","R3N",3170357
"2021A0011R3P","R3P",3172988
"2021A0011R3R","R3R",3175619
"2021A0011R3S","R3S",3178250
"2021A0011R3T","R3T",3180881
"2021A0011R3V","R3V",3183512
"2021A0011R3W","R3W",3186143
"2021A0011R3X","R3X",3188774
"2021A0011R3Y","R3Y",3191405
"2021A0011R4A","R4A",3194036
"2021A0011R4G","R4G",3196667
"2021A0011R4H","R4H",3199298
"2021A0011R4J","R4J",3201929
"2021A0011R4K","R4K",3204560
"2021A0011R4L","R4L",3207191
"2021A0011R5A","R5A",3209822
"2021A0011R5G","R5G",3212453
"2021A0011R5H","R5H",3215084
"2021A0011R5J","R5J",3217715
"2021A0011R5K","R5K",3220346
"2021A0011R5L","R5L",3222977
"2021A0011R5M","R5M",3225608
"2021A0011R5N","R5N",3228239
"2021A0011R5P","R5P",3230870
"2021A0011R5R","R5R",3233501
"2021A0011R5T","R5T",3236132
"2021A0011R6M","R6M",3238763
"2021A0011R6W","R6W",3241394
"2021A0011R7A","R7A",3244025
"2021A0011R7B","R7B",3246656
"2021A0011R7C","R7C",3249287
"2021A0011R7N","R7N",3251918
"2021A0011R8A","R8A",3254549
"2021A0011R8N","R8N",3257180
"2021A0011R9A","R9A",3259811
"2021A0011S0A","S0A",3262442
"2021A0011S0C","S0C",3265073
"2021A0011S0E","S0E",3267704
"2021A0011S0G","S0G",3270335
"2021A0011S0H","S0H",3272966
"2021A0011S0J","S0J",3275597
"2021A0011S0K","S0K",3278228
"2021A0011S0L","S0L",3280859
"2021A0011S0M","S0M",3283490
"2021A0011S0N","S0N",3286121
"2021A0011S0P","S0P",3288752
"2021A0011S2V","S2V",3291383
"2021A0011S3N","S3N",3294014
"2021A0011S4A","S4A",3296645
"2021A0011S4H","S4H",3299276
"2021A0011S4K","S4K",3301907
"2021A0011S4L","S4L",3304538
"2021A0011S4N","S4N",3307169
"2021A0011S4P","S4P",3309800
"2021A0011S4R","S4R",3312431
"2021A0011S4S","S4S",3315062
"2021A0011S4T","S4T",3317693
"2021A0011S4V","S4V",3320324
"2021A0011S4W","S4W",3322955
"2021A0011S4X","S4X",3325586
"2021A0011S4Y","S4Y",3328217
"2021A0011S4Z","S4Z",3330848
"2021A0011S6H","S6H",3333479
"2021A0011S6J","S6J",3336110
"2021A0011S6K","S6K",3338741
"2021A0011S6V","S6V",3341372
"2021A0011S6W","S6W",3344003
"2021A0011S6X","S6X",3346634
"2021A0011S7A","S7A",3349265
"2021A0011S7B","S7B",3351896
"2021A0011S7C","S7C",3354527
"2021A0011S7H","S7H",3357158
"2021A0011S7J","S7J",3359789
"2021A0011S7K","S7K",3362420
"2021A0011S7L","S7L",3365051
"2021A0011S7M","S7M",3367682
"2021A0011S7N","S7N",3370313
"2021A0011S7P","S7P",3372944
"2021A0011S7R","S7R",3375575
"2021A0011S7S","S7S",3378206
"2021A0011S7T","S7T",3380837
"2021A0011S7V","S7V",3383468
"2021A0011S7W","S7W",3386099
"2021A0011S9A","S9A",3388730
"2021A0011S9H","S9H",3391361
"2021A0011S9V","S9V",3393992
"2021A0011S9X","S9X",3396623
"2021A0011T0A","T0A",3399254
"2021A0011T0B","T0B",3401885
"2021A0011T0C","T0C",3404516
"2021A0011T0E","T0E",3407147
"2021A0011T0G","T0G",3409778
"2021A0011T0H","T0H",3412409
"2021A0011T0J","T0J",3415040
"2021A0011T0K","T0K",3417671
"2021A0011T0L","T0L",3420302
"2021A0011T0M","T0M",3422933
"2021A0011T0P","T0P",3425564
"2021A0011T1A","T1A",3428195
"2021A0011T1B","T1B",3430826
"2021A0011T1C","T1C",3433457
"2021A0011T1G","T1G",3436088
"2021A0011T1H","T1H",3438719
"2021A0011T1J","T1J",3441350
"2021A0011T1K","T1K",3443981
"2021A0011T1L","T1L",3446612
"2021A0011T1M","T1M",3449243
"2021A0011T1P","T1P",3451874
"2021A0011T1R","T1R",3454505
"2021A0011T1S","T1S",3457136
"2021A0011T1V","T1V",3459767
"2021A0011T1W","T1W",3462398
"2021A0011T1X","T1X",3465029
"2021A0011T1Y","T1Y",3467660
"2021A0011T1Z","T1Z",3470291
"2021A0011T2A","T2A",3472922
"2021A0011T2B","T2B",3475553
"2021A0011T2C","T2C",3478184
"2021A0011T2E","T2E",3480815
"2021A0011T2G","T2G",3483446
"2021A0011T2H","T2H",3486077
"2021A0011T2J","T2J",3488708
"2021A0011T2K","T2K",3491339
"2021A0011T2L","T2L",3493970
"2021A0011T2M","T2M",3496601
"2021A0011T2N","T2N",3499232
"2021A0011T2P","T2P",3501863
"2021A0011T2R","T2R",3504494
"2021A0011T2S","T2S",3507125
"2021A0011T2T","T2T",3509756
"2021A0011T2V","T2V",3512387
"2021A0011T2W","T2W",3515018
"2021A0011T2X","T2X",3517649
"2021A0011T2Y","T2Y",3520280
"2021A0011T2Z","T2Z",3522911
"2021A0011T3A","T3A",3525542
"2021A0011T3B","T3B",3528173
"2021A0011T3C","T3C",3530804
"2021A0011T3E","T3E",3533435
"2021A0011T3G","T3G",3536066
"2021A0011T3H","T3H",3538697
"2021A0011T3J","T3J",3541328
"2021A0011T3K","T3K",3543959
"2021A0011T3L","T3L",3546590
"2021A0011T3M","T3M",3549221
"2021A0011T3N","T3N",3551852
"2021A0011T3P","T3P",3554483
"2021A0011T3R","T3R",3557114
"2021A0011T3S","T3S",3559745
"2021A0011T3Z","T3Z",3562376
"2021A0011T4A","T4A",3565007
"2021A0011T4B","T4B",3567638
"2021A0011T4C","T4C",3570269
"2021A0011T4E","T4E",3572900
"2021A0011T4G","T4G",3575531
"2021A0011T4H","T4H",3578162
"2021A0011T4J","T4J",3580793
"2021A0011T4L","T4L",3583424
"2021A0011T4M","T4M",3586055
"2021A0011T4N","T4N",3588686
"2021A0011T4P","T4P",3591317
"2021A0011T4R","T4R",3593948
"2021A0011T4S","T4S",3596579
"2021A0011T4T","T4T",3599210
"2021A0011T4V","T4V",3601841
"2021A0011T4X","T4X",3604472
"2021A0011T5A","T5A",3607103
"2021A0011T5B","T5B",3609734
"2021A0011T5C","T5C",3612365
"2021A0011T5E","T5E",3614996
"2021A0011T5G","T5G",3617627
"2021A0011T5H","T5H",3620258
"2021A0011T5J","T5J",3622889
"2021A0011T5K","T5K",3625520
"2021A0011T5L","T5L",3628151
"2021A0011T5M","T5M",3630782
"2021A0011T5N","T5N",3633413
"2021A0011T5P","T5P",3636044
"2021A0011T5R","T5R",3638675
"2021A0011T5S","T5S",3641306
"2021A0011T5T","T5T",3643937
"2021A0011T5V","T5V",3646568
"2021A0011T5W","T5W",3649199
"2021A0011T5X","T5X",3651830
"2021A0011T5Y","T5Y",3654461
"2021A0011T5Z","T5Z",3657092
"2021A0011T6A","T6A",3659723
"2021A0011T6B","T6B",3662354
"2021A0011T6C","T6C",3664985
"2021A0011T6E","T6E",3667616
"2021A0011T6G","T6G",3670247
"2021A0011T6H","T6H",3672878
"2021A0011T6J","T6J",3675509
"2021A0011T6K","T6K",3678140
"2021A0011T6L","T6L",3680771
"2021A0011T6M","T6M",3683402
"2021A0011T6N","T6N",3686033
"2021A0011T6P","T6P",3688664
"2021A0011T6R","T6R",3691295
"2021A0011T6S","T6S",3693926
"2021A0011T6T","T6T",3696557
"2021A0011T6V","T6V",3699188
"2021A0011T6W","T6W",3701819
"2021A0011T6X","T6X",3704450
"2021A0011T6Y","T6Y",3707081
"2021A0011T7A","T7A",3709712
"2021A0011T7E","T7E",3712343
"2021A0011T7N","T7N",3714974
"2021A0011T7P","T7P",3717605
"2021A0011T7S","T7S",3720236
"2021A0011T7V","T7V",3722867
"2021A0011T7X","T7X",3725498
"2021A0011T7Y","T7Y",3728129
"2021A0011T7Z","T7Z",3730760
"2021A0011T8A","T8A",3733391
"2021A0011T8B","T8B",3736022
"2021A0011T8C","T8C",3738653
"2021A0011T8E","T8E",3741284
"2021A0011T8G","T8G",3743915
"2021A0011T8H","T8H",3746546
"2021A0011T8L","T8L",3749177
"2021A0011T8N","T8N",3751808
"2021A0011T8R","T8R",3754439
"2021A0011T8S","T8S",3757070
"2021A0011T8T","T8T",3759701
"2021A0011T8V","T8V",3762332
"2021A0011T8W","T8W",3764963
"2021A0011T8X","T8X",3767594
"2021A0011T9A","T9A",3770225
"2021A0011T9C","T9C",3772856
"2021A0011T9E","T9E",3775487
"2021A0011T9G","T9G",3778118
"2021A0011T9H","T9H",3780749
"2021A0011T9J","T9J",3783380
"2021A0011T9K","T9K",3786011
"2021A0011T9M","T9M",3788642
"2021A0011T9N","T9N",3791273
"2021A0011T9S","T9S",3793904
"2021A0011T9V","T9V",3796535
"2021A0011T9W","T9W",3799166
"2021A0011T9X","T9X",3801797
"2021A0011V0A","V0A",3804428
"2021A0011V0B","V0B",3807059
"2021A0011V0C","V0C",3809690
"2021A0011V0E","V0E",3812321
"2021A0011V0G","V0G",3814952
"2021A0011V0H","V0H",3817583
"2021A0011V0J","V0J",3820214
"2021A0011V0K","V0K",3822845
"2021A0011V0L","V0L",3825476
"2021A0011V0M","V0M",3828107
"2021A0011V0N","V0N",3830738
"2021A0011V0P","V0P",3833369
"2021A0011V0R","V0R",3836000
"2021A0011V0S","V0S",3838631
"2021A0011V0T","V0T",3841262
"2021A0011V0V","V0V",3843893
"2021A0011V0W","V0W",3846524
"2021A0011V0X","V0X",3849155
"2021A0011V1A","V1A",3851786
"2021A0011V1B","V1B",3854417
"2021A0011V1C","V1C",3857048
"2021A0011V1E","V1E",3859679
"2021A0011V1G","V1G",3862310
"2021A0011V1H","V1H",3864941
"2021A0011V1J","V1J",3867572
"2021A0011V1K","V1K",3870203
"2021A0011V1L","V1L",3872834
"2021A0011V1M","V1M",3875465
"2021A0011V1N","V1N",3878096
"2021A0011V1P","V1P",3880727
"2021A0011V1R","V1R",3883358
"2021A0011V1S","V1S",3885989
"2021A0011V1T","V1T",3888620
"2021A0011V1V","V1V",3891251
"2021A0011V1W","V1W",3893882
"2021A0011V1X","V1X",3896513
"2021A0011V1Y","V1Y",3899144
"2021A0011V1Z","V1Z",3901775
"2021A0011V2A","V2A",3904406
"2021A0011V2B","V2B",3907037
"2021A0011V2C","V2C",3909668
"2021A0011V2E","V2E",3912299
"2021A0011V2G","V2G",3914930
"2021A0011V2H","V2H",3917561
"2021A0011V2J","V2J",3920192
"2021A0011V2K","V2K",3922823
"2021A0011V2L","V2L",3925454
"2021A0011V2M","V2M",3928085
"2021A0011V2N","V2N",3930716
"2021A0011V2P","V2P",3933347
"2021A0011V2R","V2R",3935978
"2021A0011V2S","V2S",3938609
"2021A0011V2T","V2T",3941240
"2021A0011V2V","V2V",3943871
"2021A0011V2W","V2W",3946502
"2021A0011V2X","V2X",3949133
"2021A0011V2Y","V2Y",3951764
"2021A0011V2Z","V2Z",3954395
"2021A0011V3A","V3A",3957026
"2021A0011V3B","V3B",3959657
"2021A0011V3C","V3C",3962288
"2021A0011V3E","V3E",3964919
"2021A0011V3G","V3G",3967550
"2021A0011V3H","V3H",3970181
"2021A0011V3J","V3J",3972812
"2021A0011V3K","V3K",3975443
"2021A0011V3L","V3L",3978074
"2021A0011V3M","V3M",3980705
"2021A0011V3N","V3N",3983336
"2021A0011V3R","V3R",3985967
"2021A0011V3S","V3S",3988598
"2021A0011V3T","V3T",3991229
"2021A0011V3V","V3V",3993860
"2021A0011V3W","V3W",3996491
"2021A0011V3X","V3X",3999122
"2021A0011V3Y","V3Y",4001753
"2021A0011V3Z","V3Z",4004384
"2021A0011V4A","V4A",4007015
"2021A0011V4B","V4B",4009646
"2021A0011V4C","V4C",4012277
"2021A0011V4E","V4E",4014908
"2021A0011V4G","V4G",4017539
"2021A0011V4K","V4K",4020170
"2021A0011V4L","V4L",4022801
"2021A0011V4M","V4M",4025432
"2021A0011V4N","V4N",4028063
"2021A0011V4P","V4P",4030694
"2021A0011V4R","V4R",4033325
"2021A0011V4S","V4S",4035956
"2021A0011V4T","V4T",4038587
"2021A0011V4V","V4V",4041218
"2021A0011V4W","V4W",4043849
"2021A0011V4X","V4X",4046480
"2021A0011V4Z","V4Z",4049111
"2021A0011V5A","V5A",4051742
"2021A0011V5B","V5B",4054373
"2021A0011V5C","V5C",4057004
"2021A0011V5E","V5E",4059635
"2021A0011V5G","V5G",4062266
"2021A0011V5H","V5H",4064897
"2021A0011V5J","V5J",4067528
"2021A0011V5K","V5K",4070159
"2021A0011V5L","V5L",4072790
"2021A0011V5M","V5M",4075421
"2021A0011V5N","V5N",4078052
"2021A0011V5P","V5P",4080683
"2021A0011V5R","V5R",4083314
"2021A0011V5S","V5S",4085945
"2021A0011V5T","V5T",4088576
"2021A0011V5V","V5V",4091207
"2021A0011V5W","V5W",4093838
"2021A0011V5X","V5X",4096469
"2021A0011V5Y","V5Y",4099100
"2021A0011V5Z","V5Z",4101731
"2021A0011V6A","V6A",4104362
"2021A0011V6B","V6B",4106993
"2021A0011V6C","V6C",4109624
"2021A0011V6E","V6E",4112255
"2021A0011V6G","V6G",4114886
"2021A0011V6H","V6H",4117517
"2021A0011V6J","V6J",4120148
"2021A0011V6K","V6K",4122779
"2021A0011V6L","V6L",4125410
"2021A0011V6M","V6M",4128041
"2021A0011V6N","V6N",4130672
"2021A0011V6P","V6P",4133303
"2021A0011V6R","V6R",4135934
"2021A0011V6S","V6S",4138565
"2021A0011V6T","V6T",4141196
"2021A0011V6V","V6V",4143827
"2021A0011V6W","V6W",4146458
"2021A0011V6X","V6X",4149089
"2021A0011V6Y","V6Y",4151720
"2021A0011V6Z","V6Z",4154351
"2021A0011V7A","V7A",4156982
"2021A0011V7B","V7B",4159613
"2021A0011V7C","V7C",4162244
"2021A0011V7E","V7E",4164875
"2021A0011V7G","V7G",4167506
"2021A0011V7H","V7H",4170137
"2021A0011V7J","V7J",4172768
"2021A0011V7K","V7K",4175399
"2021A0011V7L","V7L",4178030
"2021A0011V7M","V7M",4180661
"2021A0011V7N","V7N",4183292
"2021A0011V7P","V7P",4185923
"2021A0011V7R","V7R",4188554
"2021A0011V7S","V7S",4191185
"2021A0011V7T","V7T",4193816
"2021A0011V7V","V7V",4196447
"2021A0011V7W","V7W",4199078
"2021A0011V7Z","V7Z",4201709
"2021A0011V8A","V8A",4204340
"2021A0011V8B","V8B",4206971
"2021A0011V8C","V8C",4209602
"2021A0011V8E","V8E",4212233
"2021A0011V8G","V8G",4214864
"2021A0011V8J","V8J",4217495
"2021A0011V8K","V8K",4220126
"2021A0011V8L","V8L",4222757
"2021A0011V8M","V8M",4225388
"2021A0011V8N","V8N",4228019
"2021A0011V8P","V8P",4230650
"2021A0011V8R","V8R",4233281
"2021A0011V8S","V8S",4235912
"2021A0011V8T","V8T",4238543
"2021A0011V8V","V8V",4241174
"2021A0011V8W","V8W",4243805
"2021A0011V8X","V8X",4246436
"2021A0011V8Y","V8Y",4249067
"2021A0011V8Z","V8Z",4251698
"2021A0011V9A","V9A",4254329
"2021A0011V9B","V9B",4256960
"2021A0011V9C","V9C",4259591
"2021A0011V9E","V9E",4262222
"2021A0011V9G","V9G",4264853
"2021A0011V9H","V9H",4267484
"2021A0011V9J","V9J",4270115
"2021A0011V9K","V9K",4272746
"2021A0011V9L","V9L",4275377
"2021A0011V9M","V9M",4278008
"2021A0011V9N","V9N",4280639
"2021A0011V9P","V9P",4283270
"2021A0011V9R","V9R",4285901
"2021A0011V9S","V9S",4288532
"2021A0011V9T","V9T",4291163
"2021A0011V9V","V9V",4293794
"2021A0011V9W","V9W",4296425
"2021A0011V9X","V9X",4299056
"2021A0011V9Y","V9Y",4301687
"2021A0011V9Z","V9Z",4304318
"2021A0011X0A","X0A",4306949
"2021A0011X0B","X0B",4309580
"2021A0011X0C","X0C",4312211
"2021A0011X0E","X0E",4314842
"2021A0011X0G","X0G",4317473
"2021A0011X1A","X1A",4320104
"2021A0011Y0A","Y0A",4322735
"2021A0011Y0B","Y0B",4325366
"2021A0011Y1A","Y1A",4327997
