"geo_name","Total population","Average age","Median age","Median after-tax income","Average after-tax income","Employment income (%)","Gini index","External migrants 1 year ago","External migrants 5 years ago","LANDAREA"
"A0A",44930,47.2,51.6,29800,36480,64.4,0.3,35,55,4136.6221
"A0B",19285,51.6,57.2,28600,35160,60.3,0.3,0,50,4152.6284
"A0C",11970,51.2,56.4,26600,31760,57.6,0.3,10,50,2733.4722
"A0E",21210,49.6,54.8,27400,34640,63,0.3,0,25,6365.8235
"A0G",33315,50.7,56,26400,32040,55.9,0.3,15,65,15499.6047
"A0H",16745,50,55.2,26800,32200,58.4,0.3,0,10,20867.7402
"A0J",7495,50.7,55.6,26000,32720,59.3,0.3,0,0,1823.4152
"A0K",24660,50.5,55.2,28400,34200,60.5,0.3,30,85,58466.1398
"A0L",7505,46.8,50.8,32000,36920,62.5,0.2,0,0,1490.5444
"A0M",5465,50.5,55.6,29400,36440,63.6,0.2,0,0,3493.0858
"A0N",12385,51.5,56.8,24600,29520,51.6,0.3,0,15,12012.2029
"A0P",13060,36.8,36,39600,43520,78.8,0.3,35,270,154110.1059
"A0R",2660,35.8,36.4,55600,59550,89.6,0.2,0,20,64964.7996
"A1A",30090,44.4,45.2,38400,48200,71.2,0.3,165,1230,42.2284
"A1B",20905,39,34,28400,39960,71.4,0.3,340,2410,52.2588
"A1C",12710,42.1,39.6,28000,38840,71.8,0.4,95,665,3.9805
"A1E",26860,45.6,46.8,32400,39360,66.8,0.3,130,860,14.2423
"A1G",5805,43,44,36000,41840,75.2,0.3,0,60,10.7733
"A1H",6470,36.6,37.6,50400,55550,85.4,0.2,10,50,153.9089
"A1K",12345,40.8,43.2,42400,51250,78.2,0.3,15,70,86.0335
"A1L",22960,37.3,38,44400,50200,83.6,0.2,0,135,29.6684
"A1M",8405,40.7,42.8,42400,51040,77.6,0.3,0,65,57.6063
"A1N",22475,44.5,46,36000,40360,69.8,0.3,65,165,15.6504
"A1S",6105,43.3,45.6,36000,40480,74,0.3,0,20,158.4788
"A1V",11890,43.7,45.2,35200,42200,72.4,0.3,25,180,104.5283
"A1W",11175,42.3,44.4,39600,46440,77.2,0.3,15,75,23.2536
"A1X",15945,41.5,42.4,37600,41360,77.6,0.2,10,35,36.47
"A1Y",5440,47.9,52.4,27600,34360,61.6,0.3,15,30,130.7763
"A2A",9280,45.3,48,32400,39120,66.6,0.3,0,130,27.2342
"A2B",4740,47.3,50.8,26600,32400,65.4,0.3,0,0,27.6087
"A2H",25290,46.2,48.8,32000,37400,66.4,0.3,60,300,1494.7447
"A2N",8615,47.4,51.6,28200,34240,59.6,0.3,35,105,49.5011
"A2V",7450,37.9,38.8,51600,59000,86,0.2,20,225,34.1095
"A5A",8435,44.7,46.8,30600,37880,70.6,0.3,10,90,855.5309
"A8A",6475,48,52.4,27600,34000,62,0.3,0,40,4645.6008
"B0C",2750,47.5,52.4,31200,34960,56.5,0.3,15,30,1603.8466
"B0E",25920,48.6,54,30000,35000,58.7,0.3,65,370,5995.6604
"B0H",9795,48,53.6,29800,34320,63.4,0.3,25,60,2614.0401
"B0J",41030,48.9,54,30800,36920,61.4,0.3,140,570,5165.7381
"B0K",35140,47.7,52,30200,35000,60.4,0.3,115,305,3452.0117
"B0L",2335,48.9,54.4,28000,29520,57.4,0.3,0,0,215.4799
"B0M",17445,47.3,51.2,28800,32880,61.8,0.3,45,105,4101.9623
"B0N",40485,44.9,48,31600,35240,67.4,0.3,25,225,4851.283
"B0P",41540,44.9,47.6,30800,35280,64.8,0.3,70,425,1789.892
"B0R",6090,50.2,56,27800,32600,55.4,0.3,30,20,1105.3853
"B0S",17870,49.6,55.2,26400,31080,56.8,0.3,90,210,2829.946
"B0T",14730,49.5,54.8,27600,32920,58.9,0.3,70,145,3963.5831
"B0V",5655,48.8,54,25200,30640,58.8,0.3,55,125,291.8703
"B0W",25890,48.2,52.8,29200,33920,64.8,0.3,70,145,4328.5247
"B1A",14990,46.5,50,27400,32160,59.9,0.3,20,310,30.7175
"B1B",1235,49.5,54.4,30400,34700,58.4,0.3,0,0,155.8567
"B1C",1700,49.9,55.6,32800,36160,60.2,0.3,0,0,237.7669
"B1E",1535,46.1,49.2,28400,31950,58.8,0.2,0,0,5.0542
"B1G",1795,48.6,53.6,27200,32960,59.4,0.2,0,0,6.2855
"B1H",9150,47.9,52.8,28000,31960,57.4,0.3,0,60,54.2751
"B1J",1150,54.3,61.2,35200,39500,49.2,0.3,0,0,281.5396
"B1K",3335,49.3,54.8,34400,41320,65.4,0.3,0,25,770.9546
"B1L",4950,45.7,49.2,36000,40880,68.6,0.3,0,60,183.4694
"B1M",1270,46,49.2,34400,36700,65.2,0.3,0,30,49.332
"B1N",5605,44.1,46,26800,30200,58.6,0.3,25,180,55.3009
"B1P",14700,43.9,43.6,26800,31120,61.7,0.3,215,1480,42.873
"B1R",4480,45.7,48.4,35600,39000,65.6,0.2,0,30,25.417
"B1S",8825,48.2,51.2,31800,37480,61.4,0.3,55,260,14.8871
"B1T",400,53.1,61.2,32400,38000,57,0.3,0,0,180.6172
"B1V",6085,45.7,49.6,29000,32280,58.6,0.3,0,0,11.7201
"B1W",3520,29.2,25.4,16600,24200,64.4,0.3,0,0,35.909
"B1X",925,48.6,54.4,32800,40600,56.8,0.2,0,0,235.0407
"B1Y",5945,48.2,53.2,32000,36360,61,0.3,10,10,236.5393
"B2A",7710,49,54.4,28800,33240,59.2,0.3,0,15,78.6914
"B2C",265,53,60.4,29600,37200,56,0.3,0,0,170.2944
"B2E",55,64,66,,,,,,,73.0693
"B2G",15315,44.4,45.6,32800,38080,64,0.3,170,455,996.4274
"B2H",15330,46.5,49.6,31000,36680,61.9,0.3,75,245,311.9752
"B2J",65,54,56.8,,,,,,,110.1724
"B2N",20815,45.7,47.2,28200,33600,63.9,0.3,135,800,57.1758
"B2R",2550,44.5,46.8,42000,51250,69.4,0.3,0,55,54.3199
"B2S",8010,40.8,42.4,37200,41600,76.4,0.2,10,55,458.5052
"B2T",17780,40.8,43.2,42000,54150,80.6,0.3,50,250,545.0617
"B2V",12250,41.7,43.2,40800,44760,73,0.2,40,280,11.2236
"B2W",33145,44.8,46.4,37600,41600,67.6,0.2,55,520,22.9358
"B2X",12035,41.6,42,36000,41760,73,0.3,65,565,12.06
"B2Y",15420,43.5,42,32800,37600,70.2,0.3,85,725,6.3741
"B2Z",8335,44.4,47.6,37200,40600,73,0.2,30,50,118.3062
"B3A",21855,42.2,40.8,29800,34920,71,0.3,120,1720,24.742
"B3B",1690,37.1,34.8,32000,34700,74.8,0.2,0,75,3.0519
"B3E",7085,42.2,44.4,38000,42120,72.2,0.2,0,20,94.8735
"B3G",11275,40.2,40.8,37600,40040,77,0.2,40,115,32.5854
"B3H",20790,37.6,29,25800,43160,64.8,0.4,675,3240,6.6375
"B3J",9090,34.3,28.4,27800,37840,73.6,0.4,415,2090,0.9453
"B3K",23205,40.1,35.2,31000,36480,75.2,0.3,250,1955,6.5399
"B3L",18405,38.4,34.8,31600,38640,74.6,0.3,195,1865,4.4422
"B3M",37555,40,37.2,31600,37560,70.8,0.3,825,5595,12.0434
"B3N",14945,41.6,39.6,34000,40520,69.8,0.3,135,1165,7.5457
"B3P",11390,41.8,39.6,36000,41760,70.4,0.3,150,1075,11.9286
"B3R",9500,38.9,38.4,28400,31920,70,0.3,35,605,14.7484
"B3S",13820,45.3,43.6,33200,36920,65,0.3,195,1470,3.8052
"B3T",17775,40.2,41.6,39200,42000,77.6,0.2,110,335,215.295
"B3V",6135,43.7,46,38000,41800,73.8,0.3,15,70,124.474
"B3Z",17840,42.4,45.6,42000,47080,74,0.3,55,215,508.0347
"B4A",18545,41.9,43.2,39600,47360,69.2,0.3,125,1175,19.8529
"B4B",19570,39.1,40.4,42800,50360,76.6,0.3,185,1220,163.0519
"B4C",18425,42.9,44,34000,36720,70.8,0.2,25,265,33.9042
"B4E",19715,39.2,40,38000,41200,79.2,0.2,75,400,41.3849
"B4G",5430,39.7,41.2,41200,42120,79.8,0.2,10,55,115.2362
"B4H",13725,46.5,50,29000,33960,62.7,0.3,45,155,732.8223
"B4N",18025,44.7,46.4,29000,34440,64.2,0.3,95,500,321.1869
"B4P",8780,45.9,47.6,28200,35280,57.5,0.3,120,560,221.0262
"B4R",2860,44,46.4,35600,37880,66.8,0.2,10,115,7.7363
"B4V",20375,47.9,51.6,29400,33880,61.9,0.3,30,365,638.0046
"B5A",16750,46.5,50,27800,33400,63.3,0.3,105,265,553.1379
"B6L",12990,43.4,46,34400,38760,71,0.3,10,80,877.8391
"B9A",4470,45.8,48.4,30000,35000,64.6,0.3,20,120,78.4585
"C0A",48140,43.1,44.8,33200,36920,67.4,0.3,185,1070,3089.0533
"C0B",29900,44.4,47.2,32000,35600,68.2,0.3,180,765,2005.1851
"C1A",25860,43,40.4,28400,34360,66.4,0.3,380,3455,21.5076
"C1B",14820,40.1,40.4,37200,42200,72.2,0.3,150,965,233.9523
"C1C",5240,41.1,39.6,33200,35240,71.2,0.2,65,400,42.3774
"C1E",12680,41.7,42.8,34000,39480,71.8,0.3,215,1185,149.1004
"C1N",17690,45,47.2,30400,34360,67,0.3,120,730,140.0025
"E1A",48340,41.4,40.4,35200,40120,73,0.3,450,3145,99.0623
"E1B",20585,43.9,45.2,34800,39120,71.4,0.2,65,570,34.0983
"E1C",25830,42.8,40.8,26800,31760,67,0.3,495,2785,12.2776
"E1E",11935,43.3,42.8,33200,38360,68.4,0.3,65,755,34.0378
"E1G",24785,39.7,40.8,38000,41960,76.6,0.3,250,1505,447.7288
"E1H",7885,44.7,47.2,34400,39320,72.2,0.3,20,50,272.3461
"E1J",3735,42.6,44.8,37200,40880,72.2,0.2,0,25,169.1107
"E1N",11335,46.5,50,31400,35640,64,0.3,10,155,980.726
"E1V",13815,46.5,50,32000,36240,65.4,0.3,0,165,915.9923
"E1W",6940,51.2,55.6,30200,35360,60.3,0.3,20,25,174.4149
"E1X",14085,47.8,52,28800,32520,61.9,0.3,0,30,451.1272
"E2A",17405,49.1,53.2,29200,34200,61.3,0.3,50,340,1937.2096
"E2E",19840,42.3,44,42000,51500,73.4,0.3,65,525,25.8261
"E2G",5530,41.3,42.4,40000,46800,74.6,0.3,0,35,32.4951
"E2H",4750,42.6,44.4,36800,52100,69.4,0.4,25,120,23.6453
"E2J",16060,43.9,44,30200,33040,69.4,0.2,100,790,31.2457
"E2K",18800,42.8,42.4,28600,34720,65.6,0.3,210,1500,31.6109
"E2L",8220,41.8,39.2,25200,31400,71.8,0.3,120,630,2.4507
"E2M",18835,44.3,46.8,34400,38240,69.6,0.3,60,205,119.6854
"E2N",4310,43.5,46.4,36800,40680,76.4,0.2,0,10,91.107
"E2P",1340,43.2,45.6,34400,36000,72.4,0.2,0,10,25.6766
"E2S",6970,41.5,44,36400,40240,77.8,0.2,10,35,311.7279
"E2V",14545,36.8,34.4,40400,40920,75.6,0.2,20,80,281.9287
"E3A",29465,42.5,42.8,34000,37680,71,0.3,40,805,1151.348
"E3B",39790,40,37.2,33200,40200,69.8,0.3,520,3050,521.3186
"E3C",12320,42.3,43.6,42400,45920,72.4,0.2,60,310,152.6019
"E3E",4720,41.5,43.6,39600,46640,70.8,0.3,0,25,257.5042
"E3G",9120,40.9,42,38800,43480,75,0.3,40,170,227.4319
"E3L",8440,46,49.6,28800,33400,65,0.3,60,215,363.2107
"E3N",13470,48.6,53.6,29000,33080,61.2,0.3,0,140,1441.2183
"E3V",12145,49.9,54,30400,35360,63.8,0.3,35,410,86.6808
"E3Y",7115,45.8,48.8,30800,35240,68.2,0.3,20,75,1163.2145
"E3Z",3965,46.4,50,30600,34480,63.3,0.3,10,35,171.6515
"E4A",3000,50.9,56.8,27000,32160,61.2,0.3,30,50,1248.8792
"E4B",4265,49.1,54.4,28200,32440,60.7,0.3,0,25,475.8974
"E4C",2455,51.4,57.2,29800,34720,53.4,0.3,0,30,580.8362
"E4E",9165,45.1,48.4,29200,34920,66.6,0.3,10,150,664.4041
"E4G",2710,44.4,48,30800,33160,62.1,0.3,0,0,436.7752
"E4H",4205,46.9,50.4,30200,33560,65.6,0.3,0,15,1016.5965
"E4J",5000,44.4,47.2,30800,33760,67.8,0.2,10,60,205.8624
"E4K",6395,44.5,46,34800,37800,70.4,0.2,25,105,252.6022
"E4L",7745,44.5,46,31200,37480,65.6,0.3,55,235,691.1698
"E4M",1935,51.4,58,28000,33200,52,0.3,0,20,442.1741
"E4N",3895,47.8,51.6,31200,34520,63.6,0.3,55,130,113.3426
"E4P",15900,48.3,52,33600,37800,65.2,0.3,65,255,364.301
"E4R",6885,48.5,52.8,34400,38720,68.8,0.3,0,35,137.757
"E4S",7275,49.5,54,30400,33840,61,0.2,10,80,394.6169
"E4T",2190,48.1,52.4,27200,29760,59.6,0.2,0,0,2237.1132
"E4V",4520,45.2,47.2,32800,35520,70.6,0.2,0,40,183.2842
"E4W",8605,45.2,48.4,28800,33200,61.3,0.3,15,125,595.6233
"E4X",3090,50.8,55.6,29600,31640,55.9,0.3,0,20,260.6329
"E4Y",3060,51.3,56.8,27000,30560,54.9,0.2,0,0,665.5381
"E4Z",5870,44.3,46.8,29800,34080,67,0.3,0,0,2490.1414
"E5A",1625,47.1,51.6,27000,29600,63.2,0.3,0,0,882.1724
"E5B",3335,50.2,56.4,33600,43720,55,0.3,25,125,347.8057
"E5C",4355,44.7,47.6,32400,36040,69.4,0.3,0,25,516.218
"E5E",945,46.7,50.8,28800,34300,56.8,0.2,15,25,39.5937
"E5G",2735,43,44,33600,41720,73.4,0.3,0,30,156.521
"E5H",2910,44.3,47.6,31600,34880,69.6,0.2,10,10,372.7658
"E5J",2115,45.6,48.8,35600,44680,69.2,0.3,0,0,442.5738
"E5K",7260,43.2,45.2,38000,43280,74.8,0.2,0,15,600.1638
"E5L",2905,45.7,48.8,30600,33080,68.2,0.2,20,20,1553.2384
"E5M",2170,49.8,55.2,31400,36360,62.6,0.3,0,15,610.8687
"E5N",12265,43.1,44.8,34800,39320,70.8,0.3,0,40,601.3895
"E5P",2680,44.1,47.2,30000,33920,71.4,0.3,0,0,317.1822
"E5R",1515,47.6,52,29400,35200,67.2,0.3,0,0,631.349
"E5S",1885,47.4,52,36000,39280,67.2,0.3,0,15,116.1286
"E5T",3145,45,48.8,29800,35960,70.4,0.3,0,15,477.7522
"E5V",715,48.1,52,32400,37000,67,0.3,0,0,38.3193
"E6A",1240,48.2,53.2,28800,29800,63.6,0.2,0,0,2335.0003
"E6B",1575,46.7,51.2,28400,31650,65.2,0.3,0,0,1628.9512
"E6C",2105,43.2,45.2,32800,34360,73.2,0.2,0,25,563.0066
"E6E",1495,45.2,48.8,28800,32800,64,0.2,0,0,579.7759
"E6G",2655,47.6,52,31800,37040,65,0.3,0,20,571.8624
"E6H",1215,50,55.2,29800,36000,62.8,0.3,0,15,1001.8805
"E6J",1235,48.8,54.8,27400,31200,62.4,0.3,0,40,548.9555
"E6K",4085,46.2,50.4,33600,38160,67.8,0.3,15,25,811.5974
"E6L",4820,44.1,47.2,33200,37440,71.6,0.3,0,0,432.084
"E7A",3705,48,53.2,30600,33600,67,0.3,25,120,601.2534
"E7B",5645,46.6,50.4,31400,36000,70.4,0.2,0,40,650.5028
"E7C",5060,47.6,52,31800,34880,66.6,0.3,0,10,1066.1272
"E7E",4095,46.9,51.2,29800,32240,67.8,0.2,0,45,914.2085
"E7G",3620,48.9,54,26600,30720,61.1,0.3,0,0,3710.547
"E7H",5600,45.2,49.2,27000,31120,60.4,0.3,15,20,583.6354
"E7J",1905,45.6,49.2,29800,32800,63.4,0.2,0,0,777.2255
"E7K",2405,44.2,47.6,29600,32000,66.4,0.2,0,0,306.8673
"E7L",5100,44.3,48,30600,35280,72.4,0.3,0,110,1035.8081
"E7M",10435,43.3,44.4,30000,40120,59.8,0.3,15,415,435.0027
"E7N",3155,42.6,45.6,31800,33800,69,0.3,15,65,412.4201
"E7P",3470,44.7,48,31600,34920,74,0.3,0,35,341.7334
"E8A",3645,45.6,48.8,31400,33120,67,0.2,0,55,2478.2472
"E8B",2305,45.6,49.2,28800,30400,60.8,0.3,10,10,2049.8202
"E8C",3695,50.6,56,28800,31320,51.7,0.3,15,15,17.1494
"E8E",5115,47.6,52.4,32400,36520,61.5,0.3,0,0,1228.0521
"E8G",2465,54.5,59.2,23600,28040,49.4,0.3,10,10,1352.3319
"E8J",5625,49,54,30600,33600,64.4,0.3,0,15,173.8053
"E8K",8715,48.2,52.4,31200,35480,65,0.3,30,55,326.968
"E8L",2255,50.4,53.6,27800,31040,58.4,0.2,0,0,654.6006
"E8M",2020,47.4,52,27200,31800,62.6,0.3,0,0,196.0859
"E8N",2400,52.5,57.6,27000,29920,54,0.2,0,0,78.2525
"E8P",3405,50.6,55.2,28800,33120,60.1,0.2,0,0,198.5975
"E8R",3125,50.2,54.4,26000,29000,58.3,0.2,0,0,229.68
"E8S",4610,48.8,52.8,30800,36440,61.7,0.3,10,75,62.2297
"E8T",5715,50.7,55.6,29000,33640,57.5,0.3,25,25,185.8992
"E9A",2230,50.8,54.8,31200,33760,56,0.2,0,15,512.8748
"E9B",2275,47.3,51.2,29400,33760,61.6,0.2,0,0,567.6745
"E9C",2150,50.6,56,25800,31320,55.4,0.3,0,0,1488.7928
"E9E",3870,47.6,51.2,29200,33800,62.3,0.3,0,0,6211.0765
"E9G",5300,45.6,48.8,26600,29480,56.9,0.2,0,10,462.1294
"E9H",2930,49.9,53.6,26800,28240,53.4,0.2,0,0,262.4844
"G0A",83410,43.9,45.6,37600,41440,68.8,0.2,135,470,11122.098
"G0C",45955,49.1,54,30000,34280,58.4,0.2,20,115,8551.1387
"G0E",4630,53,59.6,27600,31880,56.9,0.2,10,0,1463.3106
"G0G",16315,41.7,43.2,38000,44960,75.8,0.2,15,30,127524.3928
"G0H",10540,45.5,49.6,31800,35360,64.6,0.3,10,0,3019.2551
"G0J",29005,48.4,54.4,28000,32120,60.1,0.2,20,40,11515.5635
"G0K",11725,44.6,47.6,32800,35000,66,0.2,10,30,3827.3675
"G0L",60940,47.1,51.2,31400,34680,64.2,0.2,85,165,7984.214
"G0M",34400,43.5,45.2,32000,34880,66.8,0.2,125,420,3126.5538
"G0N",19995,46.3,50,30600,34080,62.1,0.2,75,240,1560.109
"G0P",6790,43.6,46,30000,33000,63.4,0.2,0,20,907.9263
"G0R",84335,46.2,49.6,32800,35440,66.6,0.2,210,590,7117.3534
"G0S",72495,41.7,42,34800,37040,70.8,0.2,225,590,3444.0204
"G0T",13560,49.3,54.8,30600,35240,61.7,0.2,15,65,2297.7322
"G0V",18375,43.6,45.6,34800,38040,68,0.2,10,50,38016.179
"G0W",36540,42.1,43.2,32800,36880,68.2,0.3,50,90,23303.0543
"G0X",60485,46,50,32000,35560,62.4,0.2,75,220,31080.7623
"G0Y",9320,47.6,54,30800,33640,60.3,0.2,0,0,1773.644
"G0Z",8975,42.2,43.2,30400,33200,67.4,0.2,45,90,620.9932
"G1B",16700,40,41.6,41200,43080,76.8,0.2,10,110,41.6431
"G1C",36215,45.8,49.2,38400,41320,69.6,0.2,75,320,20.7153
"G1E",27750,45.1,45.2,33600,36520,66.6,0.2,165,695,11.0731
"G1G",24975,44,44.8,37600,40320,67.4,0.2,95,550,10.1297
"G1H",29620,47.2,48,34000,36520,65.2,0.2,170,895,8.3869
"G1J",23325,43,40,29200,32040,66.8,0.3,150,1215,6.2473
"G1K",18910,42.8,39.6,30600,35360,71.8,0.3,205,1145,3.856
"G1L",22025,42.5,39.6,29800,32920,71,0.3,215,1090,3.9677
"G1M",20770,47,47.2,32000,34880,67.6,0.2,120,810,10.7409
"G1N",8400,42.2,38.4,28800,31400,74.2,0.3,70,375,2.4844
"G1P",16535,44.4,43.2,34000,36280,68.8,0.2,180,845,11.4638
"G1R",16425,46.9,44.8,34000,41920,64,0.3,385,1240,3.0261
"G1S",25910,49.6,51.6,40000,47760,62.7,0.3,265,1260,4.789
"G1T",6795,47.5,51.2,53600,69400,62,0.3,50,200,4.7408
"G1V",23630,41,32.8,28600,35320,63.7,0.3,655,3050,8.5447
"G1W",22500,44.8,43.2,39200,47160,67,0.3,305,1575,8.4646
"G1X",26745,44.2,43.2,37200,42760,66,0.3,340,2000,12.0263
"G1Y",12735,46.1,49.6,46800,52550,64.8,0.3,45,195,6.4974
"G2A",15350,42.3,42.8,40400,43600,71.4,0.2,30,165,20.4068
"G2B",24935,43.1,43.6,38000,40760,71.2,0.2,30,335,14.5983
"G2C",12285,44.7,45.2,40800,43800,72.8,0.2,20,240,7.5484
"G2E",21055,45.6,47.6,39600,42400,70.4,0.2,40,200,9.1608
"G2G",10790,42.7,44.4,40800,44360,74.8,0.2,10,165,51.2998
"G2J",3225,51.4,56,37600,43600,58.6,0.3,0,110,0.9948
"G2K",12845,48.5,52.4,42400,48080,67.4,0.3,40,165,16.0871
"G2L",14610,44,46,40400,43400,68,0.2,15,115,11.7615
"G2M",5625,39.7,41.2,43200,45200,74.8,0.2,0,25,22.3716
"G2N",8485,38.5,39.2,41200,42120,77.6,0.2,0,180,13.3945
"G3A",20235,45.1,48.4,45200,52450,69,0.3,25,135,85.7954
"G3B",8315,39.3,42.4,49600,55900,76.2,0.3,55,125,61.734
"G3C",10435,37.7,39.2,44400,46680,78.4,0.2,20,80,671.61
"G3E",16115,37.6,38.8,43200,44280,80,0.2,0,85,8.4509
"G3G",10025,39.4,40.4,39200,40600,74.8,0.2,0,30,33.9882
"G3H",10145,40.6,40.4,39200,41240,75.2,0.2,0,85,121.1154
"G3J",10635,38.1,38,40800,41920,77.4,0.2,15,120,41.281
"G3K",20400,36.1,36.4,42800,43440,81.2,0.2,20,145,29.9346
"G3L",11105,44.7,46.8,34800,37720,70,0.2,20,40,666.2013
"G3M",7435,44.5,44.8,34800,38000,68.2,0.2,65,115,20.1956
"G3N",11115,37.6,37.6,44000,46800,73,0.2,0,30,165.8386
"G3S",6645,32.6,32,48400,46640,81,0.2,0,25,361.4882
"G3Z",7370,50.1,54.8,32000,35360,59.8,0.2,80,165,545.8467
"G4A",3065,47.3,50.8,32800,34920,64.4,0.2,0,15,51.5277
"G4R",20325,42.2,43.2,36400,43720,74,0.3,90,255,26778.6185
"G4S",4935,40.4,40.8,39200,41400,76.6,0.2,0,0,121.9205
"G4T",12655,49.1,54.4,32800,38840,63.4,0.2,20,25,187.3315
"G4V",6290,48.6,53.6,27800,33760,55.8,0.2,15,55,4544.5351
"G4W",13990,48.2,52.4,31000,35120,63,0.3,60,255,195.4893
"G4X",15065,46.5,50.4,34000,37280,63.9,0.2,15,60,2866.9162
"G4Z",9390,45.2,48,39200,42760,70.4,0.2,10,55,42369.1968
"G5A",8285,48.9,54,31600,35120,62.4,0.2,0,55,458.1944
"G5B",5975,42.6,44,38400,45480,77,0.3,0,0,41.1983
"G5C",11390,45.7,49.2,35600,40920,69.2,0.3,0,70,39.7103
"G5H",6975,47.7,52.4,28600,32880,59.5,0.3,0,10,55.2249
"G5J",6010,47.7,52,31000,35200,65,0.3,0,20,192.0236
"G5L",28735,47.6,49.6,30600,35480,60.5,0.3,65,625,62.2922
"G5M",8830,42.4,43.6,39600,42480,70.4,0.2,0,25,18.857
"G5N",8375,42.4,44.4,39600,43560,69.6,0.2,10,35,175.9165
"G5R",20115,46.7,48.4,33200,38240,64.2,0.3,115,380,83.7418
"G5T",2885,49.7,55.2,30000,32000,62.3,0.2,0,15,556.7846
"G5V",11000,48.8,53.2,31000,35400,62,0.3,55,185,124.4443
"G5X",6180,44.4,45.2,33600,35800,66.8,0.2,0,75,164.5911
"G5Y",23085,46,48.4,31600,34960,63.9,0.3,105,490,88.4581
"G5Z",7600,40.8,41.6,36800,40320,72,0.2,0,55,98.8781
"G6A",2545,37.2,39.2,40000,43680,77,0.2,0,35,11.7402
"G6B",8405,47.5,50.8,31200,34760,61.9,0.2,30,120,278.6531
"G6C",7960,39.5,40,39600,41640,77,0.2,40,125,86.0979
"G6E",13110,43.3,44,36800,40000,71.6,0.2,30,225,107.5486
"G6G",20355,50,54.4,30400,34120,61.2,0.3,70,335,200.6784
"G6H",7095,46.5,50,31200,33200,59.7,0.2,0,30,214.2918
"G6J",10625,39.4,40.8,40800,42000,75.6,0.2,40,150,94.3022
"G6K",8235,39.7,41.2,44800,47080,75.8,0.2,0,35,3.6949
"G6L",15290,43.6,44.4,31200,33680,66.8,0.2,105,355,341.1145
"G6P",29575,49.6,54,28600,33000,59.4,0.3,75,430,30.2009
"G6R",4700,39,40.8,37200,41560,70.2,0.2,0,20,18.3115
"G6S",5385,42.9,43.2,35600,40200,67.4,0.2,15,45,62.036
"G6T",11200,38.9,39.2,38400,40600,73.4,0.2,0,65,42.7389
"G6V",32035,48.9,52.4,34400,38360,63.1,0.3,210,930,24.8553
"G6W",25240,45,46.4,38000,42240,69.8,0.2,180,575,23.3304
"G6X",9310,45.1,46,36800,38320,68.2,0.2,70,240,7.9521
"G6Y",7230,39.7,40.4,42800,46160,75.4,0.2,25,95,17.3352
"G6Z",23580,40,42,42800,47640,78,0.2,45,105,95.7585
"G7A",25430,39.9,40.8,44400,48560,76.2,0.2,90,295,94.7399
"G7B",17610,45.5,47.2,34000,37440,67.6,0.2,0,40,264.284
"G7G",16410,43.2,44,35200,38280,69.4,0.2,0,65,33.2581
"G7H",28685,48.1,50.4,32800,39320,62.7,0.3,330,945,129.9502
"G7J",14445,44.2,45.6,33200,37560,69.2,0.3,50,145,16.3521
"G7K",760,45,47.2,37200,41400,68.5,0.2,0,0,11.7827
"G7N",6390,41.5,42.4,42000,45600,74.4,0.2,0,0,1934.1845
"G7P",7420,41.5,42.4,36800,39720,71.8,0.2,0,0,229.0277
"G7S",19810,44.2,45.2,39200,42200,69.2,0.2,10,95,35.932
"G7T",1640,37.1,35.6,44400,46640,77.6,0.2,0,15,3.8322
"G7X",25550,46.5,49.2,30400,34600,63.9,0.3,60,310,277.5392
"G7Y",625,45.4,48.4,37200,39200,65.5,0.2,0,0,33.5472
"G7Z",2640,42.9,45.6,38800,42400,70.8,0.2,0,0,2.3617
"G8A",6035,45.8,46.8,34000,38320,68,0.2,0,35,5.5706
"G8B",22060,46.7,50,32000,36040,63.3,0.3,15,135,104.6696
"G8C",4410,42.1,44,41600,45120,70.8,0.2,0,0,7.5392
"G8E",3840,43.2,44.4,34400,38520,70.2,0.2,0,30,82.7142
"G8G",4120,46.2,49.6,34000,36880,62.8,0.2,0,40,187.4938
"G8H",10040,47.8,52.4,32400,36120,62.8,0.2,20,30,151.3637
"G8J",4260,44.1,46.4,33200,35040,68.8,0.2,20,20,15119.9799
"G8K",10090,45.6,48.4,34000,37200,66,0.2,20,175,361.2722
"G8L",14285,46.9,50.8,31600,35600,64.4,0.3,50,75,16026.119
"G8M",5175,44,45.2,33600,36600,68.4,0.2,15,20,409.2404
"G8N",2510,44.5,46.4,32400,36880,69.6,0.2,0,0,1131.6707
"G8P",7310,40.5,40.8,40400,43480,77.6,0.3,60,160,694.8744
"G8T",27830,48.1,52,28600,31880,59,0.2,40,250,21.7863
"G8V",9955,41.8,44,38000,41320,72.2,0.2,40,100,39.9274
"G8W",11010,45.1,47.2,36800,40920,67.4,0.3,20,160,57.0831
"G8Y",33295,46,48,34000,38760,61,0.3,160,960,23.2219
"G8Z",13970,47.1,45.6,26600,30440,62,0.3,180,955,8.2854
"G9A",20400,47.6,48.4,25200,30040,59,0.3,115,505,37.7682
"G9B",18680,42.7,44,38800,43560,70.6,0.3,0,165,82.8958
"G9C",4020,39.6,40,42400,45320,73.8,0.2,0,35,17.6852
"G9H",13555,43.4,44,35600,38720,67.6,0.2,20,55,439.6729
"G9N",16125,50.2,55.2,25600,30400,55.8,0.3,50,245,37.8763
"G9P",11565,48.5,54,32800,35800,57.7,0.2,0,85,37.3731
"G9R",2325,42,44.4,37200,39680,69.8,0.2,0,25,22.2648
"G9T",15940,50,56,29000,32960,56.6,0.3,25,60,66.1901
"G9X",10610,47.5,51.2,32800,35960,63.8,0.3,0,70,7796.8026
"H1A",33160,44,46,35200,37640,71.2,0.2,110,695,15.165
"H1B",20650,42.6,43.2,32800,34920,70.8,0.2,80,530,13.2671
"H1C",15085,37.8,39.2,37200,40080,80,0.2,15,155,11.0985
"H1E",42570,43.6,45.2,30600,34960,68.8,0.2,140,945,10.9806
"H1G",50990,41.4,40.8,26000,29240,64.4,0.2,375,4365,7.841
"H1H",37845,40.7,40.4,26600,29760,65.2,0.2,305,3530,4.5821
"H1J",10590,44.1,46,32400,37240,66.2,0.3,100,760,8.2921
"H1K",37305,39.6,40,33600,38120,72.8,0.3,225,2945,6.1714
"H1L",34615,42,41.6,31800,34960,71,0.3,175,1835,7.5319
"H1M",29350,46.8,47.6,32800,37160,62.2,0.3,340,2125,4.9377
"H1N",24445,43.5,41.6,31200,34880,70.6,0.3,245,2095,8.7485
"H1P",18120,42,42.8,29400,34040,65.8,0.3,90,965,5.1182
"H1R",31260,41.1,41.6,28800,33640,64.8,0.3,195,1835,4.6352
"H1S",26715,43.8,43.6,28000,31800,64.4,0.3,290,2160,4.7079
"H1T",31320,43,42.4,31400,37040,66.6,0.3,465,2865,4.1367
"H1V",21910,39.8,37.2,31600,36400,79.8,0.3,275,1440,5.0314
"H1W",30005,38.1,34.8,30200,34080,79.6,0.3,385,2505,3.2347
"H1X",30180,40.9,39.6,31600,37360,75.2,0.3,355,2535,2.7566
"H1Y",29290,41,39.6,35600,41640,78.2,0.3,255,1460,2.6523
"H1Z",36490,37.6,36.8,24000,26560,65.8,0.2,405,4205,6.9851
"H2A",19455,40.2,39.2,25600,29760,70.8,0.3,345,1930,2.1482
"H2B",18050,41.7,41.6,30600,35440,70.2,0.3,280,1545,2.5744
"H2C",17975,43.8,42.8,35200,42760,72.6,0.3,155,1345,2.6704
"H2E",23505,39.1,36.8,28200,32640,75,0.3,195,1980,1.915
"H2G",22115,39.2,36.8,34000,39440,80,0.3,360,1685,2.0126
"H2H",14730,37.2,34.4,34400,40200,82.4,0.3,280,1605,1.1386
"H2J",27030,37,34.4,36400,44200,82.4,0.3,820,4105,1.9263
"H2K",29085,38.4,34.8,28600,33360,80,0.3,725,3830,3.5421
"H2L",27055,41.4,36.8,31200,38760,76.2,0.4,960,4165,2.4144
"H2M",18465,42.7,40.8,35200,39320,70.2,0.3,115,835,3.3748
"H2N",6440,40.1,38.8,27000,30440,71.2,0.3,65,615,1.13
"H2P",14385,37.6,34.8,35200,40160,80.8,0.3,265,1125,1.6857
"H2R",22985,38.6,35.6,34800,42800,80.4,0.3,405,1850,2.1826
"H2S",27215,37.9,35.2,34800,42000,80.6,0.3,435,2540,2.5422
"H2T",16300,38.9,36,31600,40320,79.4,0.3,545,2025,1.3553
"H2V",31995,37.3,34,38800,63050,72,0.4,480,2510,4.4083
"H2W",11510,37.4,32.4,27600,39680,79.2,0.4,610,2165,0.9836
"H2X",21545,39.2,32.4,23200,31960,70,0.4,1360,5465,1.565
"H2Y",3725,45.8,45.2,47600,62350,76.6,0.4,85,400,0.5104
"H2Z",3755,42.1,35.6,30800,46560,70.6,0.4,295,950,0.5174
"H3A",4360,35.8,28.8,21200,34680,68.4,0.5,340,1615,0.5669
"H3B",1900,34,30.2,28200,47600,85.2,0.6,190,575,0.3691
"H3C",18585,36.4,33.2,44800,57100,84.2,0.4,650,2795,4.7286
"H3E",21565,45.6,46.4,43600,60250,67.4,0.4,410,2540,3.7081
"H3G",11425,39.4,32,26600,55900,51.9,0.6,665,3440,0.8859
"H3H",20690,37.1,30.6,21000,42920,78.2,0.5,1385,7845,3.7198
"H3J",11915,40,37.6,30600,42960,74.2,0.4,115,640,1.1
"H3K",15275,38.7,36.8,32800,42960,79.8,0.4,150,900,4.4367
"H3L",20995,40.1,39.2,34400,43360,75,0.3,275,2070,3.6271
"H3M",15840,44.8,45.6,27200,35280,66,0.3,155,1170,2.8339
"H3N",29080,39.2,37.2,21000,24380,66.8,0.3,490,6305,1.6611
"H3P",10175,41.8,43.2,46400,70700,69.2,0.4,165,1040,2.7467
"H3R",10110,41.9,43.2,44400,73300,68,0.5,150,1155,2.6791
"H3S",33620,37.4,34.8,24600,32400,62.9,0.3,930,6430,2.8468
"H3T",13010,37.3,30.4,23400,36200,71,0.4,470,3425,1.5744
"H3V",6735,42.5,36.8,27200,34680,58.4,0.3,285,1605,1.7925
"H3W",30765,39.9,37.6,25200,32920,69.6,0.3,610,5405,2.9969
"H3X",24215,41.6,40,32800,49160,65.6,0.4,365,2485,3.4584
"H3Y",9565,42.8,46,58000,143600,59.7,0.5,215,760,2.5363
"H3Z",11545,49.4,50.4,39600,71400,50.2,0.5,315,1525,1.5413
"H4A",26360,40.4,38.8,35600,52150,78.2,0.4,480,2670,3.0336
"H4B",20935,40.7,39.6,26800,35960,72.8,0.4,330,3150,3.0934
"H4C",17300,38.7,34.4,32800,39560,80.6,0.3,210,1125,3.9029
"H4E",30155,41.1,39.2,30000,34360,73.4,0.3,420,2215,4.5651
"H4G",29860,39.5,36,31800,36120,79.6,0.3,420,2775,2.7796
"H4H",18935,41.3,40.4,35600,41080,77.6,0.3,120,825,3.1279
"H4J",18075,38.9,38,26600,32960,70.8,0.3,300,3070,2.8353
"H4K",11320,43.9,44.8,31600,46080,68,0.4,80,335,4.3891
"H4L",36215,40.9,39.6,26800,32600,68.8,0.3,755,5035,5.53
"H4M",12470,39.8,39.6,31000,40440,70.6,0.3,105,1200,2.761
"H4N",30200,38.1,37.2,25200,29280,68.6,0.3,765,5460,5.3313
"H4P",9110,36.4,34,30400,37200,77.8,0.3,325,1715,3.4168
"H4R",31130,39.3,39.6,36000,49200,75.8,0.4,530,2495,8.5006
"H4S",565,39.5,42.8,40800,51800,80,0.3,0,0,16.1571
"H4T",,,,,,,,,,5.2708
"H4V",20700,42.3,42,28200,35080,65.8,0.3,265,2420,2.6588
"H4W",26360,44.2,43.6,32000,43800,59,0.4,320,2430,5.7786
"H4X",6465,41.2,42.4,40000,54750,74.4,0.4,40,425,1.6261
"H7A",21640,38.7,40,36400,39040,77.2,0.2,45,410,18.3298
"H7B",2955,42.2,44,38000,41720,72,0.2,0,10,13.5758
"H7C",8820,42.8,43.6,32800,36840,70.6,0.2,40,155,18.0816
"H7E",26590,42.4,44,38000,46080,70.8,0.3,125,665,18.3096
"H7G",22050,43.8,43.6,32800,37640,67.4,0.3,115,1015,6.4765
"H7H",13865,38.7,40,39200,41640,77.8,0.2,60,250,6.1779
"H7J",2160,44.5,48.4,38400,45520,69.6,0.3,0,30,28.8811
"H7K",22475,41.4,43.6,38400,43360,76.6,0.2,65,350,11.5598
"H7L",37890,39.3,41.2,40400,45160,79.8,0.2,130,820,15.9364
"H7M",27730,45,46.8,34400,38240,71.2,0.2,135,620,11.1036
"H7N",44645,42.2,40.4,31200,35040,71.4,0.3,435,2865,8.2897
"H7P",37455,41.8,43.2,35600,40520,73.2,0.2,100,835,16.1875
"H7R",31005,40.9,42.4,36000,40960,75.6,0.2,70,860,17.5033
"H7S",7750,41.5,41.6,31200,34600,67.4,0.3,75,420,9.6383
"H7T",28210,43.6,44.4,33200,38400,70.8,0.3,235,1270,11.6602
"H7V",23240,44.3,44,25200,29760,61.6,0.3,295,2260,5.6008
"H7W",42580,44.7,45.6,27800,33880,63.6,0.3,345,2470,9.6847
"H7X",27330,40.2,42,36400,44600,76.8,0.3,145,770,12.7664
"H7Y",9980,37.8,40.8,44800,51160,81.2,0.3,25,235,6.3723
"H8N",33205,42.6,41.2,28400,32360,69.6,0.3,500,4010,7.9675
"H8P",22980,44.7,45.2,32400,37000,69.4,0.3,175,1200,4.4125
"H8R",31490,40,39.6,28400,32440,70.4,0.3,285,3225,7.072
"H8S",25685,42.3,40.8,30200,34360,74.6,0.3,270,2270,12.4235
"H8T",15270,42.9,44.4,38400,45800,74.8,0.3,120,860,3.3164
"H8Y",19915,39.7,40,31000,36200,72,0.3,205,1695,5.7689
"H8Z",15125,42.5,43.6,32000,36520,72.4,0.2,95,610,4.4481
"H9A",15270,41.2,42,34400,45280,74.8,0.3,115,680,4.5065
"H9B",21105,42.5,42.8,31000,37800,70.8,0.3,340,1405,7.1053
"H9C",11725,42.1,44.8,39600,47280,76.8,0.3,75,330,9.2913
"H9E",3190,41.9,44.4,36800,54200,65.2,0.4,0,65,13.2161
"H9G",15345,43.7,45.2,34400,41280,69.8,0.3,140,665,4.1259
"H9H",25095,43.8,45.2,33200,41640,72.2,0.3,235,1400,9.0398
"H9J",21395,41.7,44,36000,45160,75.6,0.3,160,1300,11.1911
"H9K",8900,39.8,42.4,37600,45600,83,0.3,90,400,6.3849
"H9P",3835,42.6,44,34400,37400,73.6,0.2,15,75,15.3944
"H9R",26005,46.4,47.2,37600,43960,72.6,0.3,195,1355,15.1388
"H9S",22985,46.3,48.4,37200,48240,67.8,0.3,180,975,9.4827
"H9W",19275,42.3,44.8,44000,61550,72.4,0.3,170,975,11.0308
"H9X",9740,45.7,48.4,38400,69900,58.2,0.4,125,500,23.9345
"J0A",19150,43,44.8,31800,35720,68,0.3,50,145,1320.2669
"J0B",65700,44.1,46.4,32800,37720,65,0.3,110,355,5103.8733
"J0C",23445,41.5,42,33200,35320,69.8,0.2,30,115,1080.3758
"J0E",51895,45.7,49.6,34000,40080,61,0.3,110,415,2236.4971
"J0G",18625,45.2,48.8,31400,35000,66.6,0.2,10,90,1048.4694
"J0H",52945,41.3,42.4,34400,36560,71.4,0.2,80,235,1954.1085
"J0J",42140,43.3,45.2,34000,37480,68.4,0.2,70,145,1510.2477
"J0K",149240,45.1,48.4,31000,34520,65,0.2,215,695,12791.2938
"J0L",83315,40.1,40,37600,40000,74.6,0.2,260,670,1274.3479
"J0M",25105,28.5,25,32400,38520,74.4,0.3,15,35,7588.2175
"J0N",52115,39.3,40,37600,40480,75,0.2,35,320,216.8419
"J0P",42965,42.7,44,36800,41520,70.8,0.3,60,360,581.7591
"J0R",39045,47.6,52.4,37600,44960,63.5,0.3,75,325,245.5991
"J0S",34120,43.8,45.6,32400,35840,66.4,0.3,65,155,1459.7824
"J0T",51465,50,56.4,31200,37360,58.7,0.3,25,240,5319.6991
"J0V",27295,48.3,54,30400,34880,61.4,0.3,30,110,2377.9266
"J0W",16610,50.2,56.8,28800,33040,55.2,0.3,30,20,9333.9895
"J0X",48485,46,50.8,32400,36880,63.1,0.3,70,180,22196.4282
"J0Y",29035,41,42,36000,40560,74.4,0.3,30,100,758980.8299
"J0Z",34455,42.9,44.8,33600,38640,70.6,0.3,35,130,26583.4089
"J1A",9130,45.3,47.6,31000,33640,65.8,0.2,15,60,219.4495
"J1C",6840,42.7,43.2,37200,39280,72.6,0.2,0,40,77.1706
"J1E",25865,40.9,38.4,28800,32080,66.8,0.2,145,1345,18.2747
"J1G",19635,45.4,46.4,31400,35280,63.7,0.3,40,415,11.867
"J1H",29655,39.8,35.2,24600,29640,67.6,0.3,200,1605,23.8305
"J1J",15450,48.7,51.2,34800,42800,61,0.3,65,420,8.268
"J1K",7435,39.2,32.8,25600,32520,67.8,0.3,105,465,7.5532
"J1L",16040,49.4,52.4,31800,37600,58.9,0.3,120,900,25.6087
"J1M",5925,42.3,40.4,29800,36440,66.6,0.3,115,420,27.9132
"J1N",35085,39.2,39.6,39200,42480,74,0.2,65,495,80.0132
"J1R",10960,38,38.8,39600,41440,77.6,0.2,10,45,72.899
"J1S",7865,43.4,44.4,34000,36960,70.2,0.2,0,25,225.0653
"J1T",7990,49.7,54.8,26800,30840,55.3,0.2,15,40,47.1673
"J1X",33945,49,54,32800,39800,62.4,0.3,55,350,333.4512
"J1Z",5740,38.2,39.2,34800,37320,71.8,0.2,0,0,170.087
"J2A",12265,39.1,40,35600,38080,73.6,0.2,30,150,95.4163
"J2B",33110,42,42,30600,34640,68,0.3,120,685,97.3022
"J2C",29990,48.9,52.4,30800,35800,64.2,0.3,175,680,26.7063
"J2E",4455,41.1,42,33600,35720,72.2,0.2,25,140,25.2983
"J2G",28295,48.5,52.4,28000,32080,60.9,0.2,45,490,17.6698
"J2H",22475,42.8,44.4,38400,42480,67.6,0.2,55,175,55.9278
"J2J",18345,44.6,46.4,32400,35280,66.8,0.2,90,280,79.0886
"J2K",18290,46,48,31400,35040,62.9,0.2,50,125,138.8112
"J2L",11380,44.6,47.6,43200,55400,68.4,0.3,35,190,114.0497
"J2M",7240,43.6,47.2,38400,44200,70,0.3,0,50,117.9905
"J2N",10150,41.2,40.4,32800,35320,69.4,0.2,25,55,92.1177
"J2R",10380,43.5,45.6,36400,38160,69.4,0.2,0,70,104.793
"J2S",29945,46.7,47.6,29400,34280,61.3,0.3,155,1540,26.3973
"J2T",17070,44.8,45.6,33600,36920,67.4,0.2,60,435,57.6603
"J2W",28760,40.6,42,41600,45360,74.2,0.2,15,185,50.9989
"J2X",20485,42,42,35600,39040,70.4,0.2,15,135,58.8232
"J2Y",5575,41.9,44.4,38800,41200,72,0.2,0,10,69.4986
"J3A",9135,55.2,61.6,27600,31280,50.2,0.2,45,225,3.172
"J3B",33910,42.7,42.4,33200,36400,70,0.2,65,365,44.4399
"J3E",30045,41.9,44.4,43200,47720,77.2,0.2,40,245,48.4921
"J3G",33665,42.3,42.4,40800,44440,72.6,0.2,55,225,66.8893
"J3H",26675,43.1,45.2,43200,48640,71,0.3,50,230,49.4563
"J3L",53680,39.6,40.4,42000,46520,76.6,0.2,65,540,165.1375
"J3M",11345,40.2,40,37600,39080,75.6,0.2,85,115,63.2314
"J3N",17055,39.6,41.6,43600,47560,79.2,0.2,25,220,35.8423
"J3P",25025,49.4,54,30400,35840,62.2,0.3,15,85,74.9808
"J3R",14455,47.5,51.2,31600,37000,64,0.3,30,150,20.0611
"J3T",8620,48.7,52.4,33600,37040,64.4,0.2,30,50,96.114
"J3V",26050,44,46,46000,55250,70.6,0.3,85,570,42.8486
"J3X",21200,41,42.4,43200,47520,76,0.2,0,110,94.7984
"J3Y",66360,41.5,42,36800,39720,74.2,0.2,200,1965,57.6043
"J3Z",5775,38.2,40.4,42800,47200,82.6,0.2,0,60,3.8172
"J4B",41740,45.4,48,45600,53900,71.2,0.3,95,590,71.0215
"J4G",10010,43.9,44.8,39200,44600,73,0.3,55,220,9.1668
"J4H",15590,46.4,46.8,34800,41440,67.8,0.3,110,750,4.4588
"J4J",31100,40.2,39.2,30200,34440,70.2,0.3,230,2575,6.3844
"J4K",27025,39.7,38,29800,33280,71.6,0.3,355,2460,5.7447
"J4L",31865,40.7,40.4,31000,34000,68.8,0.2,260,2630,7.3514
"J4M",13145,41.4,43.2,41200,44480,73.6,0.2,20,205,3.902
"J4N",11380,51.3,55.6,43200,53050,66.6,0.3,65,335,7.2181
"J4P",11250,46.6,48,39600,54350,71.2,0.4,110,445,3.5811
"J4R",10675,44.9,45.2,37600,55000,75.4,0.4,45,415,2.7694
"J4S",6305,45.9,47.6,42000,58350,67.4,0.4,55,390,2.2234
"J4T",19715,39.8,38.8,31200,33720,71.6,0.2,95,1140,4.3328
"J4V",17035,43.1,43.6,32800,37160,70.4,0.3,85,925,4.7752
"J4W",18195,43.4,43.6,29800,34760,66.8,0.3,215,1440,6.0497
"J4X",19195,49.3,52.4,34800,44280,61.3,0.3,195,1110,5.3954
"J4Y",25460,41.3,41.2,35600,42680,73.4,0.3,270,1860,10.4102
"J4Z",28685,39.4,38.8,32800,38080,75,0.3,295,2085,23.337
"J5A",29920,39,40,40400,42640,78.4,0.2,95,575,106.3982
"J5B",8320,41.2,42.4,38000,40800,73.8,0.2,0,105,7.6428
"J5C",17345,42.5,43.6,38400,40640,77.2,0.2,10,170,9.37
"J5J",18080,37.5,37.2,36000,37480,75.6,0.2,10,65,111.2007
"J5K",17740,37,38,39600,42560,76.8,0.2,25,75,92.7051
"J5L",22965,39.3,40,38000,40840,73.2,0.2,35,240,50.3118
"J5M",24005,36.3,34.8,34000,35680,73.2,0.2,35,120,118.2859
"J5R",49405,40.9,42.4,42000,50120,78,0.3,205,1570,60.7439
"J5T",14425,40.4,40.8,35200,38120,72.8,0.2,0,100,68.2198
"J5V",7340,52.4,57.6,26200,31000,55.2,0.3,35,135,62.589
"J5W",26780,40.1,40.4,38000,41440,72.2,0.2,0,135,134.9085
"J5X",8895,39.1,38.8,34000,37320,72.6,0.2,0,10,56.5656
"J5Y",30080,39.8,41.6,40800,43960,73.2,0.2,60,285,9.4043
"J5Z",28005,41.8,43.2,36800,39680,73.8,0.2,40,240,39.0665
"J6A",34315,46.5,48.8,36000,40240,64,0.2,80,290,15.2141
"J6E",46435,48,51.2,30400,35960,60,0.3,85,535,69.2301
"J6J",24855,41.9,42.8,33200,36640,70.6,0.2,45,405,12.939
"J6K",25960,42.1,42.8,34400,36960,70.8,0.2,95,585,21.366
"J6N",16015,43.2,43.6,34800,38520,68.4,0.3,10,80,78.5816
"J6R",14625,38.1,39.2,40000,43200,74.4,0.2,10,185,45.9629
"J6S",24765,46.2,48.8,32000,35960,66,0.2,40,90,96.8242
"J6T",18025,44.5,45.6,30600,33840,63.1,0.2,0,135,11.7367
"J6V",14620,42.1,44,41600,45320,75.8,0.2,30,95,27.6787
"J6W",32425,41.5,42.8,36000,40600,73,0.2,60,375,17.9129
"J6X",25260,42.3,43.6,38800,41840,74,0.2,35,250,29.4211
"J6Y",22925,36.7,38.4,42400,45600,79.6,0.2,35,185,39.0259
"J6Z",19630,40.5,42,41200,48160,72.6,0.3,75,275,10.2674
"J7A",14190,42.9,46,42400,51080,68.4,0.3,15,110,10.6839
"J7B",13065,39.6,43.2,44800,58650,77.2,0.3,25,225,6.9008
"J7C",46675,40.2,41.6,40000,44640,75.8,0.2,70,535,48.0684
"J7E",29355,44.4,44.4,33600,38080,68.2,0.3,125,390,13.5811
"J7G",17310,41.1,42,37600,42640,74.4,0.3,60,230,10.6651
"J7H",8185,41.9,42.8,38800,42800,73,0.3,10,130,12.9074
"J7J",27640,38.8,39.2,38800,42360,76.8,0.2,40,285,93.5204
"J7K",36960,39.8,40.4,39600,41880,77,0.2,15,345,90.948
"J7L",14220,40.2,40.4,38400,43040,75.6,0.2,25,125,15.9454
"J7M",24705,36.5,37.2,36000,37360,77.2,0.2,40,215,39.7182
"J7N",33450,36.6,35.6,38400,40880,77.2,0.2,25,230,390.5746
"J7P",25230,43.1,44.4,35200,38680,69.8,0.2,85,325,11.4666
"J7R",37990,42.6,43.6,36800,41120,71.6,0.2,55,365,65.1247
"J7T",29585,39.1,40.8,41200,46960,78.2,0.3,50,380,144.4892
"J7V",69660,40.8,42,38000,41920,75.8,0.2,205,1570,109.2038
"J7W",14750,40.8,42.4,38400,41640,76.4,0.2,30,275,7.0981
"J7X",5640,38.8,38.8,37200,39200,74.2,0.2,0,0,11.6359
"J7Y",27005,46.6,48.4,30200,34080,63.1,0.3,45,345,22.7619
"J7Z",30230,46,47.6,28800,32840,62.4,0.2,80,315,17.1062
"J8A",10665,42.2,44.4,37200,41520,71.4,0.3,25,70,119.502
"J8B",14010,48.4,53.6,33200,40160,62.5,0.3,60,95,119.6717
"J8C",11665,49.5,55.2,29000,35040,56.9,0.3,45,95,158.4007
"J8E",11045,48.8,53.6,33600,43400,63.4,0.3,20,160,254.3644
"J8G",8210,46.3,50.8,30600,35280,64.8,0.3,20,55,478.1163
"J8H",15140,47.6,51.6,28800,33680,62.4,0.3,0,40,193.6873
"J8L",20055,42.3,43.6,36400,39720,68.4,0.2,10,30,593.05
"J8M",13160,36.9,36,38800,40320,76.2,0.2,10,75,54.4011
"J8N",13830,40,41.2,41600,43520,75.2,0.2,30,135,612.097
"J8P",35320,41,40.8,35600,37560,69.2,0.2,140,770,27.39
"J8R",28950,37.7,38.8,44400,45640,76.8,0.2,35,290,87.2278
"J8T",37830,45.1,47.2,34800,38440,64.2,0.3,260,1595,18.0206
"J8V",27275,39.8,41.6,47600,49720,75.2,0.2,35,390,140.4066
"J8X",11785,44.3,38.8,28200,33880,73.4,0.3,205,1220,5.7692
"J8Y",23805,43.3,42,32000,36000,68.8,0.3,215,2000,7.8877
"J8Z",14815,40.9,40.4,36400,41920,68.4,0.3,145,1325,8.5367
"J9A",22505,38.6,38.4,44400,49080,76.4,0.3,205,1410,14.7303
"J9B",8000,40.5,43.6,53600,58800,75.8,0.3,45,135,112.6504
"J9E",7665,47.1,51.2,27400,32120,60.9,0.3,45,55,570.3774
"J9H",32920,40.7,40.8,40800,44280,73,0.2,205,965,16.2054
"J9J",41340,34.2,34.8,47200,50120,78.6,0.2,270,2040,72.4138
"J9L",14165,46.1,48.8,29800,34240,63.4,0.2,0,10,587.4207
"J9P",33010,42.3,42.8,36800,43800,77,0.3,35,390,3763.974
"J9T",13225,43.1,43.6,35600,40240,71.8,0.3,20,175,430.0445
"J9V",3410,47.8,52,34000,39040,65.2,0.3,50,85,97.322
"J9X",22995,44.4,44.4,33200,39240,69.8,0.3,85,405,96.8313
"J9Y",10755,38.3,38.8,42800,46760,79.4,0.2,0,10,1324.1501
"J9Z",7410,47.1,50.4,30800,36480,68.8,0.3,0,20,148.3596
"K0A",111625,42.1,44,45200,50360,74.2,0.3,145,905,3072.8212
"K0B",21020,46.1,50.4,34800,38960,66.8,0.3,30,100,1223.8974
"K0C",52840,45.1,48.4,36400,40920,67.4,0.3,70,270,2470.942
"K0E",39650,45.8,49.6,35600,40760,65.2,0.3,40,190,1979.2436
"K0G",39860,46,50.4,39200,43880,66,0.3,105,255,2675.2361
"K0H",47285,46.7,51.2,38400,43880,64,0.3,90,205,5232.2271
"K0J",34325,47.3,52.4,34000,40400,59.8,0.3,65,190,6565.4195
"K0K",115850,46.6,50.8,34800,40400,63.2,0.3,85,585,5464.1988
"K0L",78140,48.2,54,34000,40520,60.6,0.3,140,295,7368.4296
"K0M",53815,50.4,56.8,34000,42080,58.7,0.3,115,150,5512.5103
"K1A",595,65,72,40400,41800,19.5,0.2,0,30,0.5559
"K1B",17770,41.5,40.4,38400,44000,70.2,0.3,95,875,10.5811
"K1C",37235,44.2,46,46400,50800,67,0.2,230,990,17.6679
"K1E",14510,44.7,46.8,44400,46680,65.8,0.2,25,260,6.5016
"K1G",35075,41.6,38.8,34800,41680,68.6,0.3,410,2930,35.6769
"K1H",16305,43.7,44,44800,55950,66.4,0.3,200,930,6.8364
"K1J",28270,42,41.6,38800,46200,64.4,0.3,385,2725,12.6424
"K1K",32045,42.9,42.4,33600,41000,65.8,0.3,260,2260,13.4204
"K1L",18215,43.2,41.2,32400,40600,67.4,0.3,210,1880,3.3005
"K1M",6765,47.8,50,59200,81500,61.6,0.5,190,390,2.7892
"K1N",26640,39.7,34,30800,41840,69,0.4,725,2730,4.1394
"K1P",645,35.6,32.4,47600,61800,90,0.4,40,55,0.4258
"K1R",20345,40.3,36,38800,45800,80.2,0.3,305,1300,3.7073
"K1S",31260,41.3,39.2,49200,62850,70.8,0.4,460,2255,6.3408
"K1T",40055,37.1,36,37200,43760,76,0.3,495,2965,46.4052
"K1V",57160,39.5,38,36400,44480,69.8,0.3,580,4360,34.9793
"K1W",13825,37.6,37.2,50800,54000,81.2,0.2,105,490,10.0267
"K1X",4595,34.8,34.8,48000,50280,85.2,0.3,80,285,35.8594
"K1Y",20710,41.5,40,50800,62650,77.4,0.4,270,685,5.7765
"K1Z",22715,40.1,38.4,37600,48880,75.2,0.4,235,1565,6.621
"K2A",17155,45.5,47.2,48800,61000,68.8,0.3,215,785,5.0035
"K2B",33255,42.2,39.6,32800,39440,66.4,0.3,515,3565,7.9454
"K2C",29360,41.5,38,35600,40480,72,0.3,480,2425,13.15
"K2E",20170,42.7,40,36000,44440,63.8,0.3,315,2100,10.7391
"K2G",50690,40.6,40,39600,47400,73.8,0.3,515,3750,28.2119
"K2H",26760,45.3,46.4,42800,48680,67.8,0.3,140,750,17.2193
"K2J",81865,36.7,36.8,44000,48920,80.6,0.3,880,5620,32.134
"K2K",24925,43.5,45.2,44800,53200,69.8,0.3,425,1675,15.3888
"K2L",18740,42.6,43.2,42000,46880,72.2,0.2,135,590,6.4717
"K2M",28705,38.1,38.4,48400,53150,80.6,0.2,235,1165,9.1575
"K2P",18825,40.3,34.4,38800,49720,78.2,0.4,310,1405,1.3093
"K2R",1240,45.2,50,50400,70200,66.4,0.4,0,0,67.4299
"K2S",38900,39.2,39.6,50000,55800,78.8,0.2,265,1570,132.0912
"K2T",11870,37.5,39.2,48400,55200,82.2,0.3,165,1285,11.7509
"K2V",10485,32.2,32.4,46000,50760,85.4,0.2,170,1170,2.3724
"K2W",8550,36.9,39.6,50800,58000,82.6,0.3,90,470,64.675
"K4A",62125,37.9,38.4,48800,51300,77.2,0.2,460,2085,32.7591
"K4B",4705,43.3,47.2,45600,49200,67.2,0.3,10,65,161.02
"K4C",4535,45.1,48.8,49600,55950,66.8,0.3,25,40,27.9819
"K4K",16960,42.6,44,43200,46800,71,0.2,20,175,54.1
"K4M",14380,41.9,43.2,53200,64700,68.6,0.3,120,425,54.8823
"K4P",10445,41.2,44.4,52000,58750,76,0.3,25,85,60.4823
"K4R",8740,39.5,39.6,48800,51800,76.8,0.2,20,55,88.1735
"K6A",12530,49.4,54.8,29400,35520,58.2,0.3,20,155,107.9393
"K6H",30440,44.7,46,30400,34840,59.8,0.3,120,685,75.7605
"K6J",17825,45.5,46.8,30200,34720,61.1,0.3,55,430,25.6513
"K6K",3450,43.4,45.2,36400,40120,64.4,0.2,25,50,12.7954
"K6T",690,45.4,49.2,41200,43000,77,0.2,0,0,24.7581
"K6V",28175,48.3,52,33200,39200,58.8,0.3,135,440,232.9388
"K7A",17575,44.6,46.8,34000,38920,64.8,0.3,30,95,354.561
"K7C",20380,42.8,44,41600,46080,72.4,0.3,45,195,210.6034
"K7G",8740,49.5,54.4,36400,42520,59.5,0.3,15,70,136.9739
"K7H",16175,50,55.6,36800,43080,57.8,0.3,35,120,621.91
"K7K",33705,40.2,37.2,31600,38320,68.6,0.3,270,1290,28.8285
"K7L",19620,43.3,40,34000,46600,57,0.4,385,1215,140.8027
"K7M",49265,44.8,44.4,35600,41720,62.4,0.3,295,2160,44.1686
"K7N",8395,41.5,41.2,40400,43240,71.2,0.2,20,65,3.9663
"K7P",24660,41.1,41.2,42400,47800,71.4,0.2,170,795,29.7964
"K7R",15480,47.5,50.4,34000,38760,61.5,0.3,15,90,333.5821
"K7S",14265,45.6,48,37200,42200,66.4,0.3,30,130,185.3303
"K7V",13940,47.7,52,33200,38840,63.1,0.3,0,40,665.4234
"K8A",26390,44.6,45.6,34400,39480,63.1,0.3,30,130,617.5258
"K8B",490,40,42.4,47600,59000,75,0.2,0,0,4.0215
"K8H",16185,33.1,31.2,48400,48040,80.4,0.2,35,170,151.5124
"K8N",30390,45.6,48,35200,41800,63.1,0.3,100,555,199.5057
"K8P",23165,44.6,44.4,30400,35120,62,0.3,45,840,15.0213
"K8R",2015,42.8,43.6,38400,40440,66.4,0.2,0,10,10.6416
"K8V",28935,43.3,43.6,34000,38440,66.8,0.2,80,120,154.0598
"K9A",26755,48.9,53.2,36000,43280,61.2,0.3,65,255,179.6388
"K9H",29705,43.9,42,30000,36080,60.8,0.3,115,935,16.6607
"K9J",44545,44.1,44,32400,38640,64,0.3,105,960,264.2858
"K9K",13360,45.7,47.2,38000,45080,66.4,0.3,40,380,10.1592
"K9L",7810,43.4,43.6,37200,42400,63.6,0.3,0,80,32.935
"K9V",29370,47,49.6,32400,38160,60.9,0.3,80,215,253.2121
"L0A",15325,42.4,44,40800,47960,73.2,0.3,20,65,663.7273
"L0B",15500,43.8,46.4,40400,48880,71.6,0.3,0,75,496.0309
"L0C",9485,42.8,44.8,40400,48680,74.2,0.3,0,30,342.4574
"L0E",21895,44.2,46.8,35600,41720,72.8,0.3,20,125,434.5302
"L0G",44945,40.9,41.6,41200,49760,73.8,0.3,100,440,623.2527
"L0H",1220,45.3,49.2,36400,54200,65.2,0.4,0,30,38.9191
"L0J",4945,42.8,46,47200,89300,64,0.4,25,25,37.0166
"L0K",38385,46.5,50.8,36000,41960,65.4,0.3,10,75,1721.4541
"L0L",42020,43.8,46.8,38800,45400,72.4,0.3,100,315,1058.0793
"L0M",37230,39.7,39.6,38800,41760,75.2,0.2,55,205,826.5364
"L0N",2395,44.1,48.8,37200,46520,70.4,0.3,0,0,72.7884
"L0P",7775,44.3,48,40800,67300,78,0.3,30,155,235.8533
"L0R",83600,40.5,40.8,40400,46640,72.6,0.3,175,1165,984.5589
"L0S",60410,48.3,53.2,38000,46400,60.6,0.3,245,980,623.7178
"L1A",15845,47.6,51.2,37200,44040,62.2,0.3,20,50,200.3166
"L1B",13205,44.4,46,40400,47040,69.4,0.3,30,115,73.514
"L1C",50215,38,37.2,41200,45720,77.8,0.2,95,600,185.8759
"L1E",28325,38.8,39.2,43600,47880,77.6,0.2,90,360,25.9671
"L1G",43495,43.8,43.2,33600,38080,64.6,0.3,255,1590,19.8828
"L1H",32300,42,41.2,32000,36240,69.8,0.3,120,785,57.1599
"L1J",43110,41.3,40.4,33200,37280,69.4,0.3,140,1015,23.2312
"L1K",43570,37.3,37.2,38400,44320,77.4,0.2,255,1065,14.5586
"L1L",12975,32.1,31.6,34000,41000,80,0.3,170,1065,30.8847
"L1M",22540,35.9,38,50000,55900,84.2,0.2,40,440,19.11
"L1N",49650,43.1,43.6,39200,45480,72.2,0.3,245,1355,35.5046
"L1P",22925,35.9,36.4,41200,48000,81.2,0.3,110,810,26.5078
"L1R",42220,39,39.2,41600,49120,79.8,0.3,215,1400,21.735
"L1S",42045,42,42,37200,42960,72.2,0.2,165,1440,20.2473
"L1T",52630,38.3,37.6,35200,42560,81,0.2,305,1770,23.1674
"L1V",52790,41.7,42,39200,46200,76,0.3,225,1280,17.7631
"L1W",18435,42.8,42.8,40000,47080,74.8,0.3,60,495,16.757
"L1X",24640,37.2,36,38000,46480,81.2,0.3,140,900,38.4469
"L1Y",1975,43.8,47.6,43200,53000,73.8,0.3,0,0,119.2188
"L1Z",31990,34.6,35.2,38400,43720,84,0.2,200,1250,23.2281
"L2A",17295,45.9,49.2,32000,37080,62.9,0.3,30,315,42.5988
"L2E",18590,45.4,46.4,28400,32840,64.6,0.2,140,850,12.7042
"L2G",30345,44.1,44.8,30000,32800,65.4,0.3,250,1695,65.9841
"L2H",29820,41,42,33200,39120,71.4,0.3,225,1305,50.4623
"L2J",14910,46.9,50,34400,40040,61.9,0.3,25,205,21.3045
"L2M",33705,44.9,46,32400,37160,64.6,0.3,145,940,15.7486
"L2N",30715,49,52,35200,42000,61.4,0.3,95,735,12.8871
"L2P",15130,41.4,40,32400,35120,67.6,0.2,65,450,8.7476
"L2R",25560,41.8,40.4,30000,36600,67.6,0.3,165,1330,62.1652
"L2S",19400,42,42,33200,39760,69.4,0.3,60,580,10.7378
"L2T",11400,43.8,42,31200,40360,59.9,0.3,170,870,10.8682
"L2V",19795,39.8,37.6,32800,36960,70,0.3,145,825,23.5948
"L2W",1960,40.4,42,34400,53150,72,0.3,0,30,0.918
"L3B",25870,43,43.2,30800,34880,63.9,0.3,115,560,124.5739
"L3C",33465,44.4,45.6,34000,38160,65,0.3,140,810,23.4021
"L3K",19460,47.3,50.8,32800,37480,64.6,0.3,45,140,122.9781
"L3L",880,49.4,51.6,40800,44100,69,0.4,0,10,6.4533
"L3M",28430,43.5,44.8,42000,48320,72.6,0.3,105,460,68.7098
"L3P",37335,44.5,47.2,35200,45560,71.6,0.3,340,1415,43.7598
"L3R",62060,44.8,46.4,28600,40040,69.4,0.3,910,3465,19.4291
"L3S",55400,40.7,39.6,26400,33800,74.4,0.3,550,2895,15.3115
"L3T",50405,45.5,47.2,34400,47320,67.4,0.4,815,4075,24.2116
"L3V",48650,45.6,47.6,34000,39440,64.4,0.3,220,465,320.9005
"L3X",45285,37.8,39.2,37200,45360,83.6,0.3,325,1675,18.6141
"L3Y",43555,44.4,45.6,36000,42720,73.2,0.3,255,1400,48.1146
"L3Z",41075,37.4,37.2,36800,41960,79.8,0.2,140,1115,157.2
"L4A",50390,40.9,41.6,40800,52000,72.2,0.3,295,1165,228.6984
"L4B",36080,44,45.6,31400,44840,74.2,0.4,655,2650,15.4284
"L4C",74640,44.5,46,30800,42080,71.6,0.3,995,6525,23.7011
"L4E",54605,38.4,40.4,35200,46600,82.2,0.3,780,3355,32.917
"L4G",62060,40.9,42,39200,53600,74.6,0.3,500,2675,50.0005
"L4H",77355,36.8,37.6,38800,47480,83.4,0.3,310,2195,76.334
"L4J",75120,43.6,45.6,36800,49320,73.4,0.3,555,3435,22.3937
"L4K",20170,40.4,37.6,33200,39640,79.4,0.3,335,1790,32.8087
"L4L",55430,46.1,48,36800,48040,71.4,0.3,320,1605,36.3704
"L4M",46905,40.2,38,33600,40120,72.4,0.3,345,2505,77.8005
"L4N",100835,40.3,39.6,35600,41880,75.8,0.3,230,2600,55.6162
"L4P",29860,40.3,40.4,36800,41240,78.6,0.2,80,405,67.6291
"L4R",19245,47.2,50.4,31600,37400,61.6,0.3,25,210,107.8584
"L4S",36690,41.2,43.2,30600,42400,80.4,0.3,500,2735,28.7441
"L4T",38180,38.2,34.4,25800,29400,73.6,0.2,960,6160,33.7566
"L4V",,,,,,,,,,2.4291
"L4W",19745,46.9,49.2,37200,43520,70.6,0.3,90,600,19.4499
"L4X",18720,41,41.2,30800,36960,74.6,0.3,195,1275,6.3661
"L4Y",23490,44.1,45.2,34400,41400,72,0.3,225,1060,8.1692
"L4Z",37215,41,39.6,33600,39160,78,0.3,805,3725,9.95
"L5A",47405,41.8,41.2,31200,35920,74,0.3,680,4625,8.242
"L5B",67130,40,37.2,30600,36680,77.6,0.3,2790,11865,10.399
"L5C",29285,42.4,42.8,32400,40560,72.4,0.3,235,1940,12.3848
"L5E",12970,44,45.2,39600,48280,75.4,0.3,80,355,8.0467
"L5G",20715,43.7,45.2,40800,60750,74.8,0.4,145,1045,7.2303
"L5H",17410,43.5,46.4,45600,69500,71.4,0.4,160,525,11.3873
"L5J",28205,43,43.2,39600,53650,74,0.3,235,1065,17.8669
"L5K",13365,41.9,41.6,36000,46160,71.8,0.3,140,750,6.0875
"L5L",43585,43.2,44,36400,44800,71.6,0.3,470,2050,18.1864
"L5M",106470,39.6,39.6,33200,42280,79.6,0.3,2290,11695,24.9887
"L5N",83700,39.7,40.4,38000,44080,81.6,0.2,920,5545,32.8959
"L5R",37025,42.5,42,31800,37520,75.8,0.3,860,3645,9.3291
"L5S",,,,,,,,,,5.9959
"L5T",,,,,,,,,,11.9677
"L5V",49150,40.2,39.6,31600,38560,81.2,0.3,655,3090,11.9662
"L5W",24145,37.8,37.6,33200,41840,84.8,0.3,295,2070,15.6487
"L6A",89290,38.7,39.6,36400,45880,81.8,0.3,760,4480,61.2069
"L6B",34760,36.7,37.2,35200,42800,84.2,0.3,395,1725,33.1034
"L6C",51735,39.8,41.2,32400,44480,77.6,0.3,1095,3300,52.6077
"L6E",38390,38.8,39.6,33200,41640,80.6,0.3,770,2440,8.2503
"L6G",8365,39.6,35.2,29400,35440,79.2,0.4,260,1280,14.2567
"L6H",72660,39.6,40,39200,52250,79.2,0.3,1190,6785,62.5146
"L6J",24420,43.4,46.4,46400,97400,69.4,0.5,295,1875,18.3881
"L6K",14115,44.2,44.8,35200,55600,69.6,0.4,135,1085,6.1044
"L6L",30010,44.7,47.2,42400,59550,70.8,0.4,435,1320,17.0665
"L6M",72545,37.6,39.6,42800,56350,82.2,0.3,1255,7235,34.8703
"L6P",91155,37.3,36,29000,36160,80,0.2,910,5845,45.794
"L6R",93785,36.9,34.8,28800,33440,78.8,0.2,1515,9520,23.5285
"L6S",54360,40.1,38.8,33600,37720,75.4,0.2,630,4530,41.2511
"L6T",39615,39,37.2,31000,34040,75.8,0.2,505,4375,19.2571
"L6V",42390,38.9,37.6,31600,34840,77.2,0.2,520,4410,8.6194
"L6W",23550,41.4,40.8,32400,38640,74,0.3,245,1630,15.3978
"L6X",76115,36.7,35.6,32000,37200,81.6,0.2,1130,7695,26.0308
"L6Y",97600,38,35.6,29800,36040,79,0.3,2010,14095,37.934
"L6Z",33885,39.5,38.4,35200,41080,78.2,0.3,395,2940,14.4623
"L7A",104010,34,33.2,32400,37520,84.2,0.2,1355,10875,33.6137
"L7B",17810,40.1,42,43200,61650,76.2,0.4,35,285,180.9839
"L7C",33845,38.2,38,37200,46680,75.4,0.3,240,1420,293.252
"L7E",34520,40.7,42.4,41200,48800,79.4,0.3,65,370,135.4397
"L7G",48050,40.6,42,44000,52550,80.4,0.3,100,660,127.5306
"L7J",13765,41.6,43.6,40800,45920,78,0.3,15,65,133.2637
"L7K",8485,44.5,48.4,39600,50680,70.2,0.3,35,120,260.1272
"L7L",47435,41.5,42.4,44800,54050,78.2,0.3,240,1535,24.6378
"L7M",48500,40.7,41.6,45200,54650,78.2,0.3,195,1710,53.8541
"L7N",13160,46,48,40400,56250,70.4,0.3,55,295,6.5651
"L7P",29775,43,44,42800,52650,72.4,0.3,80,680,78.1321
"L7R",17335,45.1,45.2,39600,50040,69.4,0.3,150,785,5.9362
"L7S",12205,50.9,54,38400,46920,65.6,0.3,45,395,3.9426
"L7T",18555,47,48.8,40800,51500,66.6,0.3,120,600,13.0558
"L8B",25780,38.4,38.4,45200,51200,79.6,0.3,30,540,130.2271
"L8E",41930,41.4,41.2,34400,40440,73.4,0.3,170,1735,32.8993
"L8G",21805,47.8,50.8,34800,39520,63.5,0.3,80,360,8.8239
"L8H",26185,40.7,40,31800,34680,74.2,0.3,80,580,15.6287
"L8J",29150,37.6,36.8,38400,42760,78.4,0.3,165,1160,71.471
"L8K",32600,42.9,42.4,34000,37600,70.4,0.3,145,950,11.819
"L8L",32310,38.2,36.4,27800,31800,72.4,0.3,130,1390,13.2307
"L8M",13770,40.4,38.4,30600,35680,73,0.3,65,400,3.346
"L8N",15565,40.2,36.8,28600,33640,73.8,0.3,155,1750,6.5312
"L8P",24775,42.2,38.8,32400,41280,71.2,0.4,260,2070,5.8906
"L8R",11650,41.7,38.4,26200,32400,72,0.3,195,1195,4.1562
"L8S",15785,39.1,32.4,28400,35920,66.8,0.3,370,2355,17.9287
"L8T",19405,43.5,43.6,35600,39360,67.4,0.3,50,745,6.263
"L8V",21165,45,44.4,32800,35920,68.4,0.2,75,670,5.5244
"L8W",26080,39.5,38.8,34400,38720,74,0.2,95,815,7.052
"L9A",25900,41.6,40.4,33200,37480,71.8,0.3,175,1305,7.1852
"L9B",25025,42.4,42.8,36800,42360,71.4,0.3,105,595,13.6175
"L9C",41200,42.2,41.2,34400,39760,69.8,0.3,220,2495,12.6266
"L9E",16930,31.6,32.4,39200,43440,82.4,0.3,250,2045,118.7335
"L9G",25020,43.1,44.8,46800,57750,67.4,0.3,95,645,80.625
"L9H",31220,46.7,49.6,42800,52550,67.4,0.3,125,500,62.01
"L9J",2275,40.8,36.8,35600,37760,73.6,0.2,0,130,27.2468
"L9K",15925,39.5,39.6,39200,51700,71.6,0.3,215,1040,7.5933
"L9L",14620,46.8,50.4,40000,47720,65.8,0.3,15,180,236.5082
"L9M",16610,48.7,53.2,33200,39840,59.6,0.3,20,30,242.9891
"L9N",21660,38.1,38,37200,44120,80.4,0.3,130,730,69.0495
"L9P",17380,44.2,47.2,41600,55300,75,0.3,50,125,218.119
"L9R",25950,41.5,40.8,38800,42720,69.2,0.2,65,365,103.0616
"L9S",33435,41.3,42,36400,42520,75.4,0.3,95,425,119.0325
"L9T",110955,35.3,36.4,40800,46720,83.4,0.2,1150,7015,82.9492
"L9V",17750,39.9,40,38000,44080,76.6,0.3,50,180,818.77
"L9W",48790,40.4,40.4,39600,46080,77.2,0.3,130,675,683.4793
"L9X",12895,40.4,42.8,44000,55650,74.8,0.3,0,60,238.2282
"L9Y",28925,48.2,52,36400,48440,59.9,0.3,35,420,186.0677
"L9Z",24850,50.4,56.4,32000,37880,57.8,0.3,35,205,57.4219
"M1B",65555,40.8,39.6,28800,32760,73.2,0.2,590,4545,35.3539
"M1C",35645,43.3,44.4,38000,44960,73.4,0.3,260,1630,13.8604
"M1E",48035,41.7,41.2,30200,35680,69.4,0.3,410,3165,15.8104
"M1G",30895,39.2,36.8,25200,30080,68.6,0.3,555,3495,8.9669
"M1H",23960,40.8,38.4,28600,33080,74.4,0.3,530,2960,4.4976
"M1J",37005,39.1,37.6,28000,31920,70.2,0.3,375,3925,6.56
"M1K",48175,40.8,40.4,28000,32360,71.6,0.3,635,4235,8.7101
"M1L",35830,39.6,38.8,28800,34800,75.8,0.3,480,3460,8.3321
"M1M",23260,43,44.4,32000,41480,71.4,0.3,205,1475,9.2167
"M1N",22975,43.2,44.8,38800,51550,75.2,0.3,160,830,5.9616
"M1P",45170,41.5,39.6,28400,33160,72.8,0.3,720,4255,11.1723
"M1R",30470,41.8,41.2,29600,34480,72.6,0.3,305,2830,10.2393
"M1S",37660,44.7,44.4,26400,32680,70,0.3,525,3480,12.9636
"M1T",34605,44.8,44.8,26800,33360,66.4,0.3,470,3030,6.1233
"M1V",50825,44.7,45.6,24000,29920,66.4,0.3,590,3120,14.2525
"M1W",47070,46,48,27000,33680,66.4,0.3,655,3640,8.3863
"M1X",14810,39.4,38.4,29000,34040,79,0.2,120,660,7.0091
"M2H",23395,46.4,48,29800,39120,64.4,0.3,365,2175,7.6546
"M2J",61760,40.9,38.4,30200,37120,73.4,0.3,1470,9835,10.1063
"M2K",25375,43.7,40.4,36000,44800,70.4,0.4,705,3610,5.68
"M2L",11275,44,46.4,40800,120700,42.9,0.5,220,765,6.1199
"M2M",31915,45.1,44.4,28600,37840,67.8,0.3,745,4145,7.5823
"M2N",75100,41.3,38,33200,44240,75,0.4,2595,11685,9.5924
"M2P",7545,44.3,47.2,44000,72900,64,0.5,115,675,2.868
"M2R",40580,44.1,44.4,28200,35480,70,0.3,510,4145,7.0468
"M3A",34365,41.1,40.8,32000,40040,73.8,0.3,480,3150,7.437
"M3B",12880,45.9,49.2,44400,77000,57.4,0.4,240,730,7.1507
"M3C",39620,41.7,40.4,29400,37560,68.6,0.3,525,4550,8.3416
"M3H",38420,40.9,40.8,34400,48080,74.2,0.4,310,2715,11.0528
"M3J",26600,39.3,36,27200,30840,75.2,0.3,395,3805,13.0563
"M3K",7865,40.3,38.8,33600,39320,78,0.3,70,845,6.3491
"M3L",19265,40.8,40.4,27600,31640,72,0.2,160,1670,5.7104
"M3M",24910,41.4,41.2,30400,34000,74.2,0.3,205,1730,5.0881
"M3N",40845,39.1,38,25000,28000,67.2,0.3,305,2935,6.6508
"M4A",14590,44.1,44,29800,36800,70.4,0.3,85,995,4.4758
"M4B",18610,42.4,43.2,32800,42040,73.8,0.3,170,1220,4.9089
"M4C",46440,40.1,40,34800,43320,79.4,0.3,535,3830,5.0113
"M4E",25470,41.3,42.8,48800,68500,82.2,0.4,110,875,3.769
"M4G",19600,42.6,44.4,53200,85600,76.4,0.4,165,930,7.1324
"M4H",18695,35.6,34,22800,27360,63.2,0.3,405,2340,1.0874
"M4J",35130,41.5,42,38400,50360,80.8,0.3,190,1330,5.325
"M4K",30915,42.9,43.2,39600,56900,78.8,0.4,140,1240,4.3905
"M4L",32215,40,40.8,44400,57800,81.8,0.4,175,1025,4.3573
"M4M",25055,40.4,38.8,42000,55200,84.6,0.4,200,1020,9.1644
"M4N",16055,45.2,46.8,54000,147400,56.6,0.6,175,915,4.8658
"M4P",25060,40.2,36.8,38800,50440,79.6,0.4,665,4310,1.441
"M4R",11910,40.9,40.4,48400,80100,78.2,0.5,140,920,1.8541
"M4S",30750,40.9,38,45200,59050,81,0.4,820,4585,3.079
"M4T",10330,46.1,46.8,55600,128600,69.8,0.5,110,695,1.6713
"M4V",19275,46.3,45.2,50400,104900,64.6,0.6,290,1245,2.7339
"M4W",15295,45.4,44.8,51200,134000,71,0.6,300,1485,4.4645
"M4X",19895,40.7,39.2,28000,37040,75.2,0.4,430,2920,1.1465
"M4Y",36320,38.6,33.2,34400,43160,80,0.4,1345,6520,1.0366
"M5A",48975,39.6,36.4,35200,46880,82,0.4,805,4300,3.7157
"M5B",17425,36.7,31.4,29400,39440,81.2,0.4,685,3195,0.5576
"M5C",3150,40.3,36.4,49200,56950,85.2,0.4,75,260,0.2219
"M5E",11780,39.8,34.4,51200,65100,85.4,0.4,470,1780,0.4951
"M5G",9755,34.2,30.8,33200,42400,82.6,0.4,655,2275,0.7095
"M5H",3245,35.2,31.4,44000,68700,83.4,0.5,325,755,0.4726
"M5J",16880,39.1,33.6,48000,59900,82.4,0.4,685,3235,4.1369
"M5M",25495,40.7,43.2,53600,85100,73.6,0.4,220,1210,5.1585
"M5N",16155,41.5,41.6,43600,82800,68.6,0.5,325,1185,2.754
"M5P",19790,44.4,43.2,47600,82500,62.4,0.5,185,1575,3.3673
"M5R",26200,45.5,42,44000,83500,66,0.5,435,1965,2.8276
"M5S",17075,40,33.2,33600,51850,66,0.5,680,2685,1.8915
"M5T",17900,41.7,36,25800,42520,78.4,0.4,380,1870,1.4718
"M5V",59910,34.6,32,48400,56750,90,0.4,2510,9135,3.8341
"M6A",22380,39.7,37.6,31000,41360,71.6,0.3,230,1955,5.5599
"M6B",28535,42.4,42,33600,46440,72.4,0.4,325,2120,5.3266
"M6C",23995,41.3,40.4,39200,57700,76.2,0.4,160,1250,2.9792
"M6E",37685,41.9,40.8,31800,38080,78.4,0.3,365,2580,5.0027
"M6G",30600,43,39.6,37200,54050,79.8,0.4,270,1550,3.8615
"M6H",43730,41,38.4,34800,42840,80.6,0.3,410,2535,4.6523
"M6J",32115,40.3,36.8,39200,51750,82.6,0.4,415,2090,2.9426
"M6K",42110,39.6,35.6,35600,43240,86,0.3,800,3725,2.7728
"M6L",20155,42.6,42.4,29200,35600,69,0.3,90,975,4.7863
"M6M",42150,40.6,40,29400,33800,74.4,0.3,330,2465,8.096
"M6N",40250,41.4,40.8,30200,36080,75.6,0.3,265,2130,8.3243
"M6P",39870,40.8,39.2,41200,51080,81.2,0.3,350,2045,4.1581
"M6R",19350,39.9,39.2,46000,61800,83.4,0.4,125,750,2.3243
"M6S",34025,41.2,41.6,48000,66300,78.4,0.4,225,1405,8.01
"M8V",44145,42.3,40,38800,49080,77.4,0.3,635,3710,7.0416
"M8W",22380,42,41.6,39600,47560,80.6,0.3,120,1200,6.9498
"M8X",10620,47.8,50.8,55600,92600,68,0.4,85,350,2.8732
"M8Y",21990,41.4,40.8,41200,53650,80.8,0.4,215,1115,4.8899
"M8Z",19315,41.3,40.4,44400,55250,82,0.3,100,850,8.7727
"M9A",36640,43.8,43.2,39600,62300,67.6,0.4,535,3025,10.0741
"M9B",33235,42,42,40800,52300,76.8,0.3,385,1835,13.3122
"M9C",38725,44.9,45.6,37600,45040,72.8,0.3,290,1855,14.1886
"M9L",11740,42.3,41.6,26800,31680,69.8,0.3,115,915,7.9409
"M9M",24245,39.2,38,29000,32800,74.8,0.3,190,1905,6.3964
"M9N",26055,40.2,39.6,30400,35600,75,0.3,220,1725,5.1476
"M9P",20645,44.6,45.2,35600,65700,72.2,0.3,130,900,6.7153
"M9R",33785,41.7,40.8,31400,37400,68.6,0.3,385,2180,6.5681
"M9V",53880,39.2,37.2,26200,30000,71.6,0.2,660,6075,15.5433
"M9W",40980,40.7,38.8,29800,33720,74.2,0.3,365,3250,27.3161
"N0A",31955,46.4,50.8,36800,41760,64.2,0.3,45,90,1035.2298
"N0B",86920,41.3,42.8,42400,50680,72.8,0.3,245,730,2106.5526
"N0C",17540,42.2,43.6,34000,39800,66.6,0.3,25,165,1296.4427
"N0E",36560,43.6,46,36400,42160,67.2,0.3,50,270,1365.0123
"N0G",86935,41.1,40.8,34800,40120,70.2,0.3,120,630,5612.6402
"N0H",53675,47.6,52.8,36400,47160,61.3,0.3,230,485,3239.6509
"N0J",33460,38.8,38.4,37200,41480,72,0.3,115,255,1494.4442
"N0K",24820,39.7,38.4,37200,41160,70.8,0.3,60,240,1499.13
"N0L",49815,42.3,44,39600,44600,71.8,0.3,140,345,2069.842
"N0M",69180,43.9,46,38400,43600,67.4,0.3,105,360,3593.2568
"N0N",42295,43.5,45.2,40000,47400,68,0.3,160,420,1576.4634
"N0P",53140,43.7,46,34800,42720,62,0.3,190,530,2849.2033
"N0R",50205,41.6,43.2,41200,46480,73.6,0.3,40,460,784.0921
"N1A",12615,44.5,47.2,33200,38120,65,0.3,15,30,225.1076
"N1C",3675,40.5,43.6,48000,58500,77.2,0.3,0,45,4.7041
"N1E",44800,39.7,38.4,40000,44160,76.6,0.3,150,1235,39.2619
"N1G",29685,40.7,37.6,36800,44600,69,0.3,305,1870,22.8294
"N1H",42180,42.3,41.2,36000,42720,73,0.3,300,2210,131.6029
"N1K",10905,39,38.4,38000,41200,80.6,0.2,95,570,4.1746
"N1L",17475,36.8,34.8,40000,48600,79,0.3,175,1200,12.271
"N1M",18500,42.3,42.4,40000,44080,72.6,0.2,30,150,88.7683
"N1P",7990,35.7,36,39200,43720,83.6,0.2,55,165,2.2739
"N1R",42930,41.9,40.8,33200,37960,71.2,0.3,175,1560,182.1589
"N1S",20170,42.5,42.8,38400,44720,74,0.3,40,375,9.8775
"N1T",18515,37.5,37.2,37200,44360,80.8,0.3,115,875,15.225
"N2A",32450,39.9,39.2,37200,43160,75,0.3,235,1800,13.6052
"N2B",16940,42.8,42.8,36000,40320,74.2,0.3,60,620,7.6676
"N2C",17680,40.3,36.8,30000,34480,70.8,0.3,240,2585,13.2857
"N2E",40430,37.7,36.4,35600,37840,79,0.2,205,2920,12.6935
"N2G",14580,42.2,38,31800,38160,73.6,0.3,140,1295,5.679
"N2H",22455,41.1,38.4,35600,41600,75.2,0.3,185,1300,11.3629
"N2J",20895,41.7,36.8,32800,42040,70.6,0.3,430,2455,38.2888
"N2K",29380,39.8,40.4,43200,53000,78,0.3,375,1180,20.4743
"N2L",37955,37.4,29.8,28400,38480,69.4,0.4,1395,7495,15.7746
"N2M",36490,39.2,36.4,33600,38720,72.4,0.3,435,3565,10.3077
"N2N",26595,39.9,39.2,38000,42880,76.2,0.2,150,1315,10.2024
"N2P",25040,37,36,38400,48240,76.4,0.3,295,2380,19.3575
"N2R",18445,32.3,32.8,40000,44920,84.4,0.2,185,1670,26.9683
"N2T",20630,40.2,41.2,42000,52750,76.2,0.3,160,895,7.1546
"N2V",19430,37.9,38,40000,50760,82,0.3,275,1600,19.0718
"N2Z",12340,44.9,46.8,42000,51500,65,0.3,45,150,283.6428
"N3A",17045,41.5,41.6,43600,48840,71,0.2,20,115,196.8159
"N3B",13190,39.5,38.4,42000,46560,75,0.3,35,175,56.0565
"N3C",27520,38.7,38.8,41200,46200,80,0.2,85,680,56.6023
"N3E",2805,30.7,30.8,38400,45600,80.6,0.3,75,330,14.2872
"N3H",24305,41.9,40.8,34400,38680,73.8,0.3,285,1440,26.3894
"N3L",17680,42.1,42,39200,45160,74.6,0.3,40,185,136.6595
"N3P",8540,40.3,39.6,35600,38320,73.6,0.2,35,115,7.4808
"N3R",35860,44.5,45.6,35600,39840,67.2,0.2,45,420,16.4913
"N3S",27525,40.3,39.2,31400,34880,72,0.2,55,635,21.1132
"N3T",37405,39.6,38.8,34800,41160,73.4,0.3,255,1455,245.8371
"N3V",1565,43.2,44.8,39600,41900,70.8,0.2,0,0,0.6066
"N3W",15805,38.9,38.4,41600,45360,76,0.2,20,215,191.854
"N3Y",23400,46.1,49.2,34400,39840,61.8,0.3,55,280,392.1731
"N4B",8220,43.6,44.4,34400,38000,65.4,0.3,0,35,141.7672
"N4G",21520,45.8,47.6,34400,38920,61.5,0.3,35,160,130.0817
"N4K",28975,46.4,49.2,32400,38920,62.8,0.3,50,295,356.4141
"N4L",8335,49.1,54.4,33200,41080,59.6,0.3,0,75,288.4458
"N4N",10340,46.6,49.6,33200,38400,63.1,0.3,0,55,141.6356
"N4S",33055,42.6,42.8,36000,39200,70.8,0.3,60,365,294.6386
"N4T",15160,39.1,38.4,38400,43760,70.8,0.3,70,420,28.6033
"N4V",3480,43.7,41.2,37200,41040,67.4,0.2,0,55,2.048
"N4W",13310,39.8,38,36000,39080,68.8,0.3,40,325,271.1048
"N4X",9950,45,47.6,38400,43120,69.2,0.3,15,100,293.345
"N4Z",2360,40.7,40.8,38800,44760,72.6,0.2,10,20,5.8774
"N5A",32900,45.1,46.4,36400,41560,66.6,0.3,140,640,161.2882
"N5C",15720,41,41.2,38000,41840,73.8,0.3,0,80,126.2413
"N5H",15625,39.1,37.6,33200,37760,69.2,0.3,80,270,283.723
"N5L",3710,51.5,57.6,39200,47040,56.9,0.3,20,25,66.2917
"N5P",21085,42,42.8,35200,39320,70.6,0.3,35,165,293.7813
"N5R",30680,43.6,44.8,36000,39320,67.2,0.2,90,305,29.3801
"N5V",32960,38.8,36.4,31200,33920,71.8,0.2,345,2385,38.3675
"N5W",24740,41.9,40.4,31200,34320,70.8,0.3,200,1255,17.5688
"N5X",36965,40.7,40.4,40000,46440,70.2,0.3,415,2915,11.7911
"N5Y",35930,38.4,35.6,28600,33560,68.6,0.3,545,4405,11.9884
"N5Z",24065,40.6,40,31000,33400,70,0.3,120,940,10.2388
"N6A",13810,41.4,34,30600,43160,66.2,0.4,330,1410,6.0614
"N6B",11100,42.2,38,26800,32600,70.6,0.3,195,845,2.9296
"N6C",30625,42.4,41.6,36800,42520,70.4,0.3,235,1315,13.4371
"N6E",28140,39.2,38,31000,33520,68.8,0.3,265,1830,15.4174
"N6G",50940,38.4,36.4,36000,44800,68.6,0.3,790,4625,47.7933
"N6H",44215,41.9,38.8,32400,40240,66.8,0.3,795,5350,33.763
"N6J",27500,44.2,43.6,32800,37640,64.8,0.3,135,1315,9.4009
"N6K",37595,43.7,44.4,41600,50840,64,0.3,190,1405,34.3123
"N6L",5170,35.6,34.4,34800,39480,75.6,0.3,75,455,31.5686
"N6M",8545,35.6,35.2,38000,40680,79.2,0.2,45,505,41.6825
"N6N",725,45.9,49.2,39200,44000,61.2,0.3,0,0,67.5277
"N6P",10945,40.3,40.8,44800,53300,73,0.3,45,180,164.9351
"N7A",12495,49.3,55.2,34800,41360,60.1,0.3,20,110,253.3853
"N7G",19925,43.6,44.4,36000,40760,69.6,0.2,15,190,220.6681
"N7L",25130,45.4,47.2,32400,37320,63.3,0.3,30,335,25.7538
"N7M",25580,43.2,44,32800,38760,64.6,0.3,70,355,325.6238
"N7S",28410,42.7,42.4,38400,46320,69.4,0.3,175,950,16.0133
"N7T",26035,44.2,44.4,29600,36160,61.6,0.3,95,725,101.9124
"N7V",11615,48.1,51.6,40000,47360,59,0.3,50,145,7.5841
"N7W",2580,59.1,66.5,38800,46320,50.2,0.3,0,0,36.1951
"N7X",1125,49,54.8,55200,68800,59.6,0.3,0,0,7.1848
"N8A",12625,45,48,30400,34880,63.9,0.3,25,60,358.8804
"N8H",27530,42.1,41.6,32400,38360,64.4,0.3,440,1715,154.9092
"N8M",11820,42.9,44.8,38000,42120,72.2,0.3,0,10,120.0186
"N8N",24530,44.8,47.6,42400,50720,67.2,0.3,85,310,49.2695
"N8P",14605,44.3,46,39200,45760,67.8,0.3,80,440,5.7709
"N8R",12735,40.7,40.8,34000,37360,68.8,0.2,20,600,5.8025
"N8S",22355,45.4,46.8,36800,40760,64.2,0.3,100,565,9.0567
"N8T",17935,42.1,42.4,30200,33520,62.3,0.3,55,995,11.3662
"N8W",24055,41.4,41.6,34800,37880,71,0.2,70,640,16.6972
"N8X",16460,40.5,39.2,28800,32600,67.6,0.3,135,1165,8.2375
"N8Y",19255,43,42.8,32400,38040,63.4,0.3,100,740,7.9544
"N9A",26105,41.2,38.8,23000,28040,61.2,0.3,405,3105,6.0556
"N9B",19615,36.1,30.2,23200,29560,66.8,0.3,755,3520,7.2011
"N9C",12540,37.4,32.8,25400,29520,65.2,0.3,250,1720,8.7536
"N9E",21465,41.7,42.4,36800,45880,68,0.3,235,1175,15.1767
"N9G",20710,40.6,40.8,35200,44720,72.6,0.3,320,1310,9.9407
"N9H",13175,44.1,46,41600,52350,70.4,0.3,85,455,24.3842
"N9J",20090,41.2,43.6,43600,53150,76,0.3,40,340,49.31
"N9K",2755,40,42.8,41600,51800,79.6,0.3,0,20,8.5232
"N9V",21690,43.5,45.6,40000,47560,67.6,0.3,25,155,137.9016
"N9Y",15835,45.1,47.2,38000,43440,65,0.3,0,280,76.6327
"P0A",17820,50.3,56.8,31200,36720,55.8,0.3,35,75,4150.6682
"P0B",9590,47.7,53.2,37600,46080,61.8,0.3,50,50,869.5903
"P0C",4825,49.9,56.8,36000,50080,51.6,0.4,0,50,873.0947
"P0E",3610,48.7,54.4,35200,40480,64.8,0.3,0,10,367.6774
"P0G",3555,51,58,34000,42920,54.2,0.3,25,20,788.8151
"P0H",31905,46.4,50.8,34800,40640,65.4,0.3,45,55,18206.2677
"P0J",20180,44.9,47.6,33200,39360,67.4,0.3,50,50,8531.4233
"P0K",11455,45.3,49.2,35600,41920,67.6,0.3,10,20,14618.404
"P0L",22855,41.2,42,34800,39640,70.4,0.3,25,210,126824.8916
"P0M",49725,44.3,46.8,39200,43520,70.6,0.3,25,270,63926.0532
"P0N",9435,40.3,40,39600,44160,74.8,0.3,0,40,1654.6428
"P0P",20285,46,50.8,30200,35520,59.8,0.3,35,75,4663.9828
"P0R",12975,48.4,54.8,32000,37520,57.2,0.3,10,50,9014.5396
"P0S",10170,45.2,50,37600,41920,68.2,0.3,15,40,13260.6608
"P0T",32000,43,45.6,35200,40680,66.8,0.3,30,260,94591.9474
"P0V",22940,33.7,30.8,30200,35880,69.6,0.4,30,160,374847.0227
"P0W",6455,41.3,42.8,34400,39440,69,0.3,10,20,14646.5332
"P0X",8410,42.3,43.6,35600,40160,64.8,0.4,0,50,18785.2943
"P0Y",95,65.5,66.5,,,,,0,0,78.8305
"P1A",16960,43.9,44.8,34800,39600,62.6,0.3,10,130,18.5185
"P1B",33115,44.1,44.4,32000,38200,65.2,0.3,160,565,547.3026
"P1C",3370,40.9,42.8,53200,61000,71.2,0.3,0,50,5.9895
"P1H",18100,47.4,51.2,34000,42560,61.4,0.3,40,200,815.5869
"P1L",17985,47.5,51.2,36000,42560,65,0.3,30,160,680.4089
"P1P",11085,49.5,54,32400,39760,56.4,0.3,0,65,379.3228
"P2A",14695,49.1,54,34400,41440,59.8,0.3,35,160,903.3394
"P2B",9755,47,50.4,32400,38120,59.6,0.3,10,35,65.588
"P2N",6940,44.4,45.2,32400,39720,69.6,0.3,10,125,21.9581
"P3A",24325,44.6,45.2,38000,42200,65.6,0.3,115,805,46.7649
"P3B",16435,41.2,40.4,34000,39440,68.8,0.3,85,955,21.2363
"P3C",17600,40.7,38,28400,32880,67.4,0.3,190,1340,10.8105
"P3E",29130,45.1,46,41200,50200,64.6,0.3,140,1015,1096.0516
"P3G",4165,43.6,46.4,48400,59150,69.6,0.3,0,35,266.1714
"P3L",7995,40.5,41.2,42800,46400,75.4,0.2,0,55,128.8018
"P3N",7980,42.5,43.2,42400,46480,74.8,0.2,0,40,115.8818
"P3P",15410,40.9,42,43200,47080,76.6,0.2,0,45,492.1684
"P3Y",7760,43,44,46000,50440,72.8,0.2,0,0,113.4003
"P4N",24095,42.7,42.8,35200,41760,72,0.3,60,655,292.012
"P4P",3230,39.5,41.2,43200,48440,74.6,0.3,0,15,80.4413
"P4R",4795,41.8,43.6,44000,49640,77,0.3,0,10,928.2296
"P5A",11370,53.4,60.4,26800,32680,46.8,0.3,10,10,696.0556
"P5E",5430,46.2,49.2,36800,41120,62.8,0.3,0,35,81.003
"P5N",8260,45.4,48.4,35200,40120,64.6,0.3,20,75,83.9821
"P6A",33800,45.1,47.2,36400,42440,63.3,0.3,130,590,537.2735
"P6B",22755,46.4,48,34000,39560,62.3,0.3,240,755,20.7203
"P6C",18765,44.5,46.4,34000,37920,66.2,0.2,10,90,32.2818
"P7A",28585,45.5,47.2,37600,42200,65.8,0.3,80,415,4089.2115
"P7B",22675,42.8,40.8,33600,40080,65,0.3,225,1375,13.7363
"P7C",21695,43.1,42.4,34800,38640,65.2,0.3,140,805,40.6583
"P7E",20895,44.1,44.4,35600,38520,65.6,0.3,100,510,12.9523
"P7G",13240,42.5,44.8,45200,50360,69.8,0.2,15,125,4037.979
"P7J",4860,42,44.8,43600,47520,69.2,0.3,0,10,173.3003
"P7K",6800,45.2,49.2,45200,50840,67.6,0.3,20,30,108.4952
"P7L",2190,44.8,48.8,42000,42680,69.8,0.2,0,0,873.7825
"P8N",9620,45.2,48,38800,42840,67.6,0.3,15,120,563.9007
"P8T",5540,38.7,37.2,45600,47080,76,0.3,15,125,207.6624
"P9A",10080,43.3,44.8,40000,43600,68.4,0.3,25,90,378.0704
"P9N",14085,43.1,43.6,39600,43320,69.4,0.3,30,135,272.5851
"R0A",43240,35.3,33.6,33200,36960,76,0.3,75,720,6746.509
"R0B",42205,29.3,24.8,21200,28640,68.6,0.3,10,35,365302.9907
"R0C",56940,41.4,42.4,31200,36320,67.6,0.3,95,395,39343.0403
"R0E",39575,44.3,47.6,34000,38760,65.2,0.3,25,125,13766.1928
"R0G",43710,38.9,38,34400,39120,71.8,0.3,145,850,9685.8031
"R0H",17905,35.5,33.2,28800,33800,69,0.3,0,90,7211.6618
"R0J",29050,42.5,42.8,31400,35000,67.2,0.3,270,1615,13598.1612
"R0K",28080,41,40,35600,38440,70,0.3,30,265,12815.9876
"R0L",26270,41.7,42.4,28000,32640,63.5,0.3,40,265,52618.0229
"R0M",19450,41.7,41.2,33200,37280,68.6,0.3,65,325,11233.3874
"R1A",21475,43.5,45.2,36000,42040,72,0.3,45,260,433.1044
"R1B",280,60.6,66.5,37600,41200,50,0.2,0,0,1.256
"R1C",3940,42.4,46,40000,43280,74.6,0.3,0,0,40.376
"R1N",16640,40.9,40,33200,37160,69,0.3,50,535,788.6573
"R2C",32815,39.6,39.2,36800,38880,77.2,0.2,130,710,24.4137
"R2E",9510,43.5,46.8,46400,61050,70.8,0.3,15,55,41.7904
"R2G",33875,45.1,45.6,35200,39840,68,0.3,145,1140,16.1239
"R2H",16135,43.9,42,34000,38960,71.4,0.3,125,790,5.7802
"R2J",26960,41.4,41.2,37200,41040,71.2,0.3,165,1215,29.1737
"R2K",34345,39.8,38.4,32800,35320,74,0.2,380,2640,11.4261
"R2L",15255,36.8,35.6,29400,31400,75.6,0.2,65,715,5.0897
"R2M",38980,41.8,40.4,33600,38480,70,0.3,430,3160,14.5297
"R2N",31385,43.1,44.4,39600,44720,73.2,0.3,240,1360,38.4087
"R2P",35215,37.7,35.2,29000,32080,74.8,0.2,385,5225,16.9852
"R2R",25595,36.8,35.6,31400,33440,79.8,0.2,200,2460,17.329
"R2V",38200,40.7,40,34400,37240,75.6,0.2,245,2155,19.3367
"R2W",29480,37.2,36,25400,28040,69.8,0.3,85,1095,7.2207
"R2X",19675,38.3,38,30000,30960,78.2,0.2,45,1055,9.227
"R2Y",19850,42.6,42,36400,39240,71.8,0.2,30,490,24.3418
"R3A",5155,32.9,30.6,20600,23380,63.8,0.3,125,870,1.2667
"R3B",12545,39.5,37.2,22400,30680,73.2,0.3,240,1665,2.3016
"R3C",16800,38.9,34.8,25000,30040,73.2,0.3,355,2460,143.5857
"R3E",19010,38.7,37.6,27600,28920,75.2,0.2,110,1015,6.8929
"R3G",25200,38.1,36.8,31000,35240,78,0.3,90,1195,6.8919
"R3H",115,37.2,39.2,,,,,0,0,11.4989
"R3J",28340,42.8,41.6,36000,40520,72.8,0.2,150,1095,13.1924
"R3K",12430,46.4,48.8,38400,44280,68.4,0.3,10,260,5.7966
"R3L",20725,41,36.4,32800,37720,76.6,0.3,210,1430,5.113
"R3M",22200,42.6,41.2,36800,46840,71.2,0.3,215,1445,7.2201
"R3N",16590,41.8,41.6,41600,51600,69.8,0.3,215,825,8.4898
"R3P",20615,48,49.6,42400,64500,62.5,0.4,195,1405,18.7201
"R3R",25745,43.9,45.2,41600,47520,70.4,0.3,120,800,15.8162
"R3S",605,38.4,41.2,41600,154500,54,0.5,0,0,26.3222
"R3T",50190,38.3,33.6,27800,35360,71.2,0.3,1310,10590,24.4294
"R3V",6415,41.5,40.4,35600,38440,70.8,0.3,30,350,27.5055
"R3W",16170,37.7,36.8,36800,40440,79.4,0.2,190,1230,6.5506
"R3X",22305,36.7,38,44400,50360,79.8,0.3,170,1205,17.809
"R3Y",33120,34.3,33.6,35200,43960,80.4,0.3,1020,4870,17.6997
"R4A",5470,39.9,40,42400,47720,78.8,0.2,0,90,83.7434
"R4G",1655,37.8,40.4,52000,56450,81.2,0.2,15,50,38.8827
"R4H",3280,39.9,38.8,46400,58800,73.2,0.3,0,20,106.3857
"R4J",1050,41.2,43.6,47200,56400,80,0.3,0,0,1.1417
"R4K",960,35.7,34,42400,55800,77,0.3,0,0,284.8265
"R4L",1350,39,40.8,43600,51600,76,0.2,0,10,205.1433
"R5A",3850,38.3,38.8,43600,48320,77,0.2,0,40,131.627
"R5G",25090,36.3,33.6,30400,35320,72.8,0.3,205,1045,214.8837
"R5H",5030,40.2,38,34000,36880,70.6,0.3,0,0,163.2568
"R5J",1430,36.9,36.4,36400,36600,78.8,0.3,0,20,220.0189
"R5K",6070,36.1,36,42000,45640,78.4,0.2,25,10,180.5314
"R5L",2250,41.1,42.8,40000,42200,76.2,0.2,0,0,374.1252
"R5M",2295,40.7,43.2,40800,44400,72,0.2,0,0,194.7571
"R5N",5595,38.9,40.4,46400,50200,80.6,0.2,0,35,60.9597
"R5P",735,42.3,44,34800,39600,67,0.2,0,0,206.8032
"R5R",1310,43.1,46.8,39200,48500,66,0.3,0,30,64.1613
"R5T",865,41.1,43.6,42000,56400,79.5,0.3,0,0,89.4642
"R6M",11445,39.2,37.6,31800,35920,71.6,0.3,85,840,410.7361
"R6W",21550,34.1,30.6,29200,33120,71.2,0.2,185,1140,461.4563
"R7A",30025,38.3,36.4,33200,36760,74,0.3,295,1670,632.8509
"R7B",22320,39.3,38,36400,41160,72.8,0.3,260,1305,15.2164
"R7C",2870,47.3,47.6,35600,40880,58.4,0.3,30,70,9.644
"R7N",9960,42.6,42.4,32000,36440,67.2,0.3,0,120,1116.0425
"R8A",5295,43,44.4,38800,45240,73,0.3,55,180,13.1033
"R8N",13290,33.1,31.4,39200,45960,82.2,0.3,45,605,16.4537
"R9A",6785,38.2,36.4,39600,44240,74,0.3,40,180,780.5529
"S0A",52750,44,45.6,32000,38400,66.4,0.3,105,710,33998.1118
"S0C",21740,41.4,41.6,38800,44040,67.4,0.3,40,295,19918.7979
"S0E",32380,42.8,44,33200,38000,64.4,0.3,65,365,27324.2923
"S0G",65895,41.8,42.8,37600,43000,69.2,0.3,85,775,35863.9704
"S0H",21970,44.1,46.4,35200,38600,62.2,0.3,90,330,30936.1752
"S0J",50645,38.1,36.8,28000,34680,63.1,0.3,70,360,205672.1322
"S0K",90185,39.2,38.8,39200,43760,72.4,0.3,170,1205,31703.027
"S0L",30490,42.2,42.4,38800,42880,65,0.3,80,595,29281.5629
"S0M",48250,37.9,36.4,30800,36920,63.7,0.3,50,220,107616.9007
"S0N",21370,42.6,44,35200,39280,62.8,0.3,30,315,36943.2487
"S0P",6465,31.7,27,24000,33160,67,0.3,0,15,49.3742
"S2V",865,43.3,46,49600,62900,67,0.3,0,0,3.635
"S3N",18635,42.3,42,37200,41240,70.2,0.3,70,610,1619.7866
"S4A",11955,40,39.2,43600,50920,75.2,0.3,50,325,790.3012
"S4H",11810,40.8,39.6,39600,46560,67,0.3,20,250,827.5284
"S4K",85,45.6,47.6,,,,,0,0,136.3243
"S4L",5645,37.5,39.2,59600,64000,79,0.3,0,20,221.3167
"S4N",30980,37.2,35.6,37200,39800,77.6,0.3,325,2025,24.7118
"S4P",13505,45.5,42.8,29800,38360,65.4,0.3,165,1050,545.4625
"S4R",34395,39.8,38.8,37600,40280,73.4,0.2,245,1420,32.0099
"S4S",34565,42.1,39.6,40400,47920,69,0.3,645,3785,18.7799
"S4T",31060,38.2,37.2,35200,39280,73.2,0.3,170,840,13.6277
"S4V",33780,39.4,38.8,47600,55250,72.2,0.3,305,2070,25.4196
"S4W",14380,31.9,31.8,40800,46040,80.6,0.3,440,2255,16.049
"S4X",29120,38.1,38.4,47200,50960,78.4,0.2,135,865,14.4249
"S4Y",5670,35.8,36.4,53200,56600,81.8,0.2,35,120,9.6552
"S4Z",1340,40.6,36.4,42400,47000,74,0.2,0,90,0.7468
"S6H",27555,42.9,42.8,35600,40200,67.6,0.3,105,905,1659.4595
"S6J",5850,41.4,40.8,41200,50280,69.2,0.3,20,225,10.3181
"S6K",1335,35.6,36.4,49200,50500,78,0.2,0,25,0.4981
"S6V",42145,38.2,36,34400,39560,68.6,0.3,115,1265,2864.3862
"S6W",290,53.8,60,45200,56400,44,0.4,0,0,1.9487
"S6X",2520,36.9,38,58000,56750,78.4,0.2,0,15,2.105
"S7A",180,28.9,31.8,,,,,0,0,5.1749
"S7B",500,40.6,42,34400,38000,71,0.2,0,0,10.2761
"S7C",1140,34.9,36.4,56400,63200,86,0.2,0,0,49.6633
"S7H",36820,40.7,38,35200,41600,69.2,0.3,780,3580,13.7237
"S7J",30830,44,42.8,38800,46680,66,0.3,165,1110,11.332
"S7K",39075,42.4,41.2,39200,47760,67.8,0.3,250,1525,900.6487
"S7L",41125,38,37.2,34400,37520,75.2,0.2,165,1800,27.5596
"S7M",31870,38.3,36.8,32000,37240,71.6,0.3,190,1420,21.935
"S7N",27385,38.6,35.2,37600,46120,69.8,0.3,220,1490,15.6758
"S7P",180,40.4,44.8,,,,,0,0,15.3019
"S7R",8990,30.9,32,41600,44880,85.2,0.2,60,460,3.3664
"S7S",5730,41,42,43200,50320,74.8,0.3,25,325,3.3542
"S7T",17470,35.9,34.4,43600,52150,76.2,0.3,365,1640,113.7418
"S7V",16575,35.2,34,44800,54000,72.8,0.3,230,1305,41.8237
"S7W",19200,32.1,31.8,44000,51950,80.8,0.3,210,1675,16.812
"S9A",14925,40.2,38.8,35200,39040,69,0.3,40,540,826.9994
"S9H",18545,43,42.4,38000,43520,71,0.3,90,590,1762.9584
"S9V",14460,33.8,33.2,40000,44320,81.2,0.2,55,415,1187.8661
"S9X",7900,36.4,34.4,36800,41600,76,0.3,35,255,3886.102
"T0A",57940,40.4,40.4,37200,44960,74,0.3,80,485,36758.8253
"T0B",63070,42.1,43.2,37200,43920,70.2,0.3,120,495,30126.9335
"T0C",62815,41.4,42.4,34000,42160,67.8,0.3,130,415,18267.1684
"T0E",40345,43.1,45.2,37200,44920,72.8,0.3,60,395,31996.4341
"T0G",40680,38.2,38,36400,43120,74.4,0.3,70,460,61454.256
"T0H",81425,36.3,34.8,37200,44640,75,0.3,125,740,222929.3085
"T0J",50750,39.9,40.4,36400,43880,71.4,0.3,170,690,37636.6318
"T0K",59085,38.2,36.8,33600,40760,67.2,0.3,340,1255,24909.8299
"T0L",52040,42.3,43.6,35600,44600,66.2,0.3,95,670,28134.5502
"T0M",66365,42,43.2,37200,44640,71.8,0.3,170,830,21253.3146
"T0P",3085,34.5,33.2,35600,51200,83.2,0.4,0,0,37713.1385
"T1A",24985,44.8,45.2,32800,39520,66,0.3,125,545,1585.0244
"T1B",33000,41.6,41.6,39200,47560,69.4,0.3,120,760,3971.4223
"T1C",9405,39.6,39.6,41200,49400,72,0.3,20,100,9.3869
"T1G",11030,37.4,35.6,36400,41280,70.4,0.3,70,255,947.9745
"T1H",27810,40.6,39.6,35600,38960,74,0.2,95,980,38.5865
"T1J",26220,38.6,35.6,37200,44200,75,0.3,145,860,340.0114
"T1K",47255,40.8,39.2,37600,46600,66.4,0.3,245,1215,273.6045
"T1L",7360,40.1,37.2,36400,42600,78.2,0.3,220,655,4.0833
"T1M",10055,38.2,36.8,38800,44480,72.6,0.3,0,225,575.7247
"T1P",17035,40.4,40.8,38800,46400,73.8,0.3,60,220,990.569
"T1R",17160,36.5,36.8,40400,43920,75.2,0.3,190,1435,207.1508
"T1S",43515,40.1,42,44800,64500,71,0.3,115,575,1048.7343
"T1V",15700,44.1,45.2,37200,43800,66,0.3,75,490,193.9186
"T1W",17065,42.7,42.8,44000,58750,65,0.3,155,865,3083.7367
"T1X",25295,38.2,38.8,42800,52650,77.8,0.3,80,410,406.6008
"T1Y",52860,39.1,38.4,30600,35000,72.4,0.2,480,3180,15.6642
"T1Z",2710,42.2,43.6,34800,58800,55.4,0.3,0,60,246.894
"T2A",57765,39.2,39.2,30600,33840,74,0.2,530,3730,19.5393
"T2B",22530,41.1,41.6,32800,35720,73.8,0.2,165,795,19.6958
"T2C",19865,42.6,43.2,40000,47480,74.6,0.3,95,415,58.1072
"T2E",36340,40.8,38.4,39600,50040,81.6,0.3,345,1635,50.9646
"T2G",16590,41,36.4,38400,53050,80.4,0.4,240,1040,14.432
"T2H",9225,42.3,40.8,34800,41040,77,0.3,80,560,12.8822
"T2J",41905,43.9,45.2,43200,57850,69.6,0.3,155,1010,25.6212
"T2K",34675,41.1,40.4,36000,43600,72.8,0.3,275,1745,13.6334
"T2L",14350,40.5,38,38000,55050,68.2,0.3,315,1410,6.9779
"T2M",20475,37.9,36.8,40800,59200,78.8,0.4,255,1225,6.0973
"T2N",25810,39.7,37.6,45600,72700,77,0.4,490,1760,9.8807
"T2P",14345,40,35.2,34800,53450,75.2,0.4,630,2620,84.6542
"T2R",17740,37.2,33.2,40800,50680,84.4,0.4,450,2080,1.105
"T2S",14780,41.5,38.4,47200,92800,69,0.5,70,715,5.677
"T2T",30795,38.2,36.4,47600,83500,79.4,0.5,390,1605,7.6413
"T2V",32630,44.3,44,40400,60300,65.6,0.4,245,1290,19.389
"T2W",39830,42.1,42.4,40400,49000,71.2,0.3,150,1180,17.4758
"T2X",54685,37.1,37.2,44000,53150,81.6,0.3,370,2040,38.5248
"T2Y",60200,39.3,40.4,39200,47000,78.8,0.3,695,3470,83.9132
"T2Z",69025,36.3,36.8,46000,53600,81.6,0.3,350,2170,23.2445
"T3A",51235,42.5,43.6,39200,53350,69.4,0.3,705,3205,20.983
"T3B",38130,42.9,42.8,41600,55950,72.4,0.3,205,1105,28.2063
"T3C",24145,38.8,36.4,37600,52550,78.6,0.4,365,2205,10.1125
"T3E",42335,40.1,38.8,41600,57200,77.6,0.4,375,1715,17.2151
"T3G",57195,40.5,41.6,40400,51250,78,0.3,545,2635,25.2334
"T3H",72005,39.6,41.6,48400,70800,75.4,0.4,895,3600,36.9499
"T3J",78835,34.5,33.6,29800,33080,78.4,0.2,1340,8240,27.5819
"T3K",79145,38.5,39.2,37600,44160,79.8,0.3,490,3595,38.0947
"T3L",30025,39.1,41.2,50000,63950,76,0.3,210,920,58.1662
"T3M",56700,33.6,35.2,50400,60050,83.2,0.3,470,2260,33.8043
"T3N",33540,31.5,32,35200,37280,85,0.2,570,3960,26.193
"T3P",27665,32.5,33.6,45600,50200,87,0.2,185,1895,82.6956
"T3R",34955,34.7,35.2,44000,54900,79.8,0.3,545,2495,123.0519
"T3S",285,45,48,36400,41200,79,0.3,0,0,37.7364
"T3Z",10600,42.4,46.8,58800,123600,60.8,0.5,120,240,522.703
"T4A",19940,36.9,37.2,44400,51750,79.8,0.3,75,400,486.543
"T4B",58050,34.5,35.2,44400,50800,82.8,0.3,275,1385,276.9734
"T4C",37325,40,40,46000,56150,75.2,0.3,205,705,711.5273
"T4E",5230,43.9,47.2,41600,63950,54.9,0.4,0,60,668.0017
"T4G",13370,44,45.2,37600,44440,69,0.3,0,125,1102.4708
"T4H",11830,43.2,43.6,36400,45240,67.8,0.3,20,175,1063.6785
"T4J",11390,40.8,40.4,38000,44360,72,0.3,45,175,1049.2351
"T4L",17145,40.8,40.4,38800,45480,70.2,0.3,75,380,727.1644
"T4M",7755,30.5,31.2,46800,52000,85,0.2,30,100,13.7328
"T4N",30580,41.7,40.4,32800,42240,66.8,0.3,75,1070,27.8971
"T4P",33760,38,37.2,38000,45600,75.2,0.3,125,950,41.1969
"T4R",37020,38.9,38.8,44000,51900,75.6,0.3,115,640,19.9401
"T4S",20585,37.3,36.8,42000,50720,76,0.3,50,200,206.2185
"T4T",13295,39.7,39.6,36000,44600,72.2,0.3,10,65,7240.1975
"T4V",20160,43.7,43.6,37200,43840,68.6,0.3,90,505,158.1196
"T4X",26450,35.6,36.4,48800,56000,79.2,0.3,50,355,609.7143
"T5A",34425,39,38,36000,40120,72.8,0.3,270,1660,12.8386
"T5B",15375,41.6,41.2,30400,36800,73.8,0.3,80,600,7.2718
"T5C",15940,40.7,39.6,32800,37880,70.6,0.3,80,730,5.8071
"T5E",33605,39.8,38.4,34000,40160,72.6,0.3,155,1650,12.7377
"T5G",12870,40.1,38.8,30200,36320,75.4,0.3,45,695,9.0579
"T5H",25365,40.3,37.6,27800,35560,72.4,0.3,315,2640,6.7949
"T5J",6290,36.1,31.8,40000,46640,85.6,0.4,150,670,1.3738
"T5K",22440,44.2,38,39600,49360,73,0.4,235,1625,3.1171
"T5L",16755,40.7,40,36400,40080,75.4,0.3,145,540,10.5263
"T5M",15465,40.6,39.6,36000,45160,77,0.3,90,1165,12.2906
"T5N",14710,41.3,39.2,44800,66400,70.8,0.4,95,430,7.038
"T5P",20475,42.1,41.6,32000,36760,73.8,0.3,230,1185,7.0766
"T5R",24640,42.3,41.6,41200,54000,70.6,0.3,210,1155,11.6742
"T5S",7730,36.5,36,49200,54700,85.8,0.3,0,60,31.3827
"T5T",77840,38,37.6,40000,46280,78.4,0.3,615,3780,31.6294
"T5V",145,46.8,49.6,,,,,0,0,18.3432
"T5W",20050,40.4,40,35600,41200,72.2,0.3,35,465,10.4745
"T5X",42645,38.1,37.2,37200,42040,73.2,0.3,245,1610,14.8155
"T5Y",54440,34.9,34.4,40000,43800,81.6,0.2,485,2615,111.5691
"T5Z",34200,38.4,37.2,40000,44840,79.8,0.2,165,840,12.0329
"T6A",14480,43.4,42.8,44000,51600,74.6,0.3,45,370,8.8061
"T6B",9290,43.4,42,42400,49160,75.8,0.3,80,160,18.7434
"T6C",20245,42.3,40.4,41600,50240,76.2,0.3,95,585,8.5519
"T6E",22890,39.1,34.8,36800,46160,76.4,0.3,365,1865,19.6046
"T6G",11500,37.6,31,32400,53800,68,0.4,305,1500,6.2708
"T6H",27880,40.1,37.6,38800,49720,73,0.4,280,1935,17.8507
"T6J",45385,42,40.8,39200,50320,68.4,0.3,390,2505,22.2411
"T6K",28045,39.2,38.4,35200,39960,72,0.3,285,1510,10.1814
"T6L",49215,39.9,38.8,35600,40400,75.4,0.3,360,3010,16.6828
"T6M",33885,37.2,37.2,47600,56600,79.2,0.3,155,870,39.0149
"T6N",,,,,,,,,,2.7844
"T6P",1805,49.2,52.8,33600,36880,73.2,0.3,0,20,11.491
"T6R",45150,40.3,41.2,48000,61250,74.2,0.3,385,1820,20.4901
"T6S",,,,,,,,,,18.1062
"T6T",48820,33.6,32.8,35600,40560,83.4,0.2,670,4685,15.5099
"T6V",23105,35.8,35.6,41200,45880,80,0.2,85,695,15.5211
"T6W",83495,33.5,33.6,45600,52750,83,0.3,920,5815,47.2631
"T6X",50395,31.9,32.8,43600,48000,87.6,0.2,485,3375,65.4876
"T6Y",230,45.8,48.4,,,,,0,0,63.1538
"T7A",11410,39.3,38.8,40400,47720,75.8,0.3,15,110,2176.0102
"T7E",13720,39.5,39.6,42400,49920,80,0.3,35,155,8054.354
"T7N",7175,44.4,45.6,36000,41200,66.6,0.3,0,50,1031.5882
"T7P",7185,44.9,46,32000,38480,64.4,0.3,25,120,772.2806
"T7S",11870,36.4,36,42800,50760,81.6,0.3,0,315,2419.8105
"T7V",10315,38.9,38.4,43600,50280,80.8,0.3,70,315,4515.9337
"T7X",47505,37.3,36.8,44000,51120,78,0.3,100,600,327.1939
"T7Y",17055,41.5,44,45600,56400,73,0.3,35,115,836.2651
"T7Z",18925,41.6,41.2,40400,47520,73,0.3,10,160,37.7236
"T8A",42145,42.3,43.6,48000,55850,74.2,0.3,95,430,40.4982
"T8B",7075,43.4,47.2,50800,77600,68.4,0.4,65,145,104.1479
"T8C",4410,42.6,46.4,48000,65400,73.6,0.3,0,10,125.265
"T8E",8245,41.2,43.6,48000,58850,78.2,0.3,0,35,237.3922
"T8G",4785,41.2,43.2,47200,53650,78.6,0.3,0,30,245.1564
"T8H",31060,39.2,39.2,49600,57000,79.8,0.2,65,400,39.0293
"T8L",29255,37.7,36.4,46400,54100,79,0.3,85,500,460.9995
"T8N",68210,41.8,42.4,48000,56950,73.2,0.3,135,945,47.836
"T8R",15960,37.9,37.6,44800,51300,77.6,0.2,40,55,709.3947
"T8S",7930,36.9,35.6,42000,50720,78.8,0.3,55,230,25.3423
"T8T",7285,41.6,44,50000,65200,70,0.3,0,40,379.0062
"T8V",31635,37.5,35.6,40000,45880,80.2,0.3,205,1355,55.5709
"T8W",21555,34,34,51600,59350,81,0.3,50,415,331.7517
"T8X",24185,34.1,34,50000,55900,83.6,0.2,35,430,307.7419
"T9A",15095,42.6,42.8,34800,40520,70.6,0.3,20,280,978.5581
"T9C",6655,44.5,46,36400,41520,65.2,0.3,0,75,580.0067
"T9E",34385,37.6,37.2,43200,50600,80.2,0.3,45,575,42.2531
"T9G",6970,40.3,40.4,41200,46840,75.4,0.3,20,70,14.2554
"T9H",26075,35.5,36,55600,67100,91.6,0.3,150,1280,23261.4407
"T9J",3775,32.3,32.8,62400,69800,94.6,0.2,25,100,4.8368
"T9K",40905,32.1,33.6,70000,79800,93.4,0.3,265,1405,39.1148
"T9M",18240,34.5,32.8,45600,52000,81.2,0.3,20,290,481.332
"T9N",9440,38.8,38,41200,49240,76.2,0.3,0,180,284.9683
"T9S",6360,44.1,46.4,39200,48960,70.2,0.3,10,100,2102.1672
"T9V",20750,38.1,37.6,43200,51750,77.2,0.3,35,440,186.7288
"T9W",8090,39.9,38.8,41200,46520,75.6,0.3,30,185,744.8081
"T9X",5400,42.4,41.6,40400,44400,69.4,0.3,10,90,761.6226
"V0A",16075,44.1,44.4,37200,42880,71.6,0.3,135,440,20695.6446
"V0B",36125,45.2,47.2,34000,44080,69.8,0.3,130,595,19671.1627
"V0C",26465,38.1,38,40800,49120,80.2,0.3,60,280,322135.9905
"V0E",72015,46.6,50.8,31600,38520,63.2,0.3,260,1150,48020.3801
"V0G",26940,46.1,49.2,31800,39640,67,0.3,110,310,15579.8163
"V0H",58480,51.5,57.6,31600,38720,55.5,0.3,200,1045,9878.8119
"V0J",51915,41.4,42.4,34000,40080,72.8,0.3,170,785,175022.1807
"V0K",33615,49.3,55.2,29000,36040,59.7,0.3,175,320,35795.9575
"V0L",4850,46,50.8,23600,31640,60.3,0.3,25,100,46797.8242
"V0M",12420,45.7,49.2,31400,37480,65.2,0.3,40,155,3928.8119
"V0N",71420,46.9,50,34400,43440,63.9,0.3,455,1750,21444.9524
"V0P",7335,49.4,55.6,27000,36720,53.9,0.3,35,85,27859.0939
"V0R",72310,47.3,51.2,33200,40680,61.6,0.3,315,1175,8323.4862
"V0S",365,43.9,43.6,26800,,,0.3,0,0,1268.6703
"V0T",9030,42.2,43.2,29400,34800,70.6,0.3,35,110,52875.6665
"V0V",1895,39.9,40.4,22800,29680,70,0.3,0,10,6782.6881
"V0W",505,53,59.6,32400,38600,60.8,0.3,0,10,1157.8802
"V0X",22685,48.4,53.6,28800,36200,62.1,0.3,80,295,10636.4799
"V1A",9025,44.7,45.6,36800,43120,69.4,0.3,15,195,2165.4528
"V1B",23425,45.1,48,38800,47480,64.6,0.3,140,425,388.4829
"V1C",26195,44.4,45.6,35600,43520,68.6,0.3,60,495,2488.4372
"V1E",21395,47.6,51.2,33200,40400,58.9,0.3,100,285,456.3422
"V1G",15115,38.4,36.4,39600,46720,79,0.3,120,680,9955.2594
"V1H",14995,52.2,58.8,35200,44600,54.9,0.3,80,180,1040.4599
"V1J",24490,34.9,33.2,44400,51700,84.4,0.3,150,995,181.1558
"V1K",9350,46,49.2,30200,37040,64.8,0.3,20,125,6215.8532
"V1L",17640,44.4,44.8,33200,39760,62.9,0.3,200,855,921.2158
"V1M",31420,42.5,44,42000,50920,71.4,0.3,240,1065,66.4863
"V1N",13355,45.1,46.8,35600,43080,70.4,0.3,65,335,1820.4991
"V1P",9655,41.4,42,38800,46080,68.2,0.3,40,220,1082.6425
"V1R",10295,46.5,48.8,34800,40480,65.4,0.3,30,275,811.3129
"V1S",13260,41,40,43200,50920,74.6,0.3,70,380,273.5477
"V1T",30440,46.3,46.8,31200,36040,65.2,0.3,140,785,25.6932
"V1V",26730,41.9,40.8,38800,47640,67.4,0.3,405,1250,60.1088
"V1W",38375,45.9,48,38800,52100,58.8,0.3,305,1380,76.28
"V1X",35150,42.2,40.4,31400,35120,72,0.2,210,1665,219.4354
"V1Y",39050,44,40.8,32800,40840,68.4,0.3,320,2075,18.4637
"V1Z",16550,44,46.4,37200,48800,62.4,0.3,45,225,818.1401
"V2A",40490,49.2,52.8,32400,39960,61.4,0.3,90,765,256.8873
"V2B",41640,43.6,43.2,34000,39480,70.6,0.3,95,640,95.0929
"V2C",27035,43.6,42.4,36000,43360,69.4,0.3,235,1555,570.6303
"V2E",15965,39.2,38,41200,48400,74.8,0.3,130,585,38.5608
"V2G",18200,42.3,42.8,35200,41400,73.4,0.3,65,300,2605.5602
"V2H",7060,47.1,52,41600,49320,65.6,0.3,25,55,219.5452
"V2J",22680,44.3,46.8,32400,39920,70.2,0.3,35,210,21541.319
"V2K",21555,40.5,41.2,42800,49080,78.4,0.3,20,95,1553.2652
"V2L",10100,42.9,41.6,29800,35120,68.2,0.3,10,195,7.6496
"V2M",23760,39.6,36.8,36000,41400,74.6,0.3,155,1255,47.676
"V2N",33870,39.9,39.6,41200,47640,76,0.3,105,795,3604.2069
"V2P",39075,42.1,41.2,30400,36040,70,0.3,140,730,90.4795
"V2R",55505,42.5,42.8,36000,42000,69,0.3,200,980,241.2295
"V2S",52495,41.8,40.4,33200,39240,72.6,0.3,375,2225,35.1456
"V2T",60080,40.5,38.4,27800,34080,69.8,0.2,680,4850,37.7816
"V2V",36155,40.2,40.4,34400,39640,75.6,0.3,100,565,2088.4363
"V2W",23675,37.8,38.8,41200,47880,80.2,0.2,120,610,73.3688
"V2X",50280,42.8,43.2,36800,41640,76.2,0.2,290,1375,22.2164
"V2Y",46970,36.8,36.8,40000,45720,81.6,0.3,505,2860,41.5899
"V2Z",16210,46.1,50.4,37200,49360,63.2,0.3,50,225,92.4853
"V3A",46295,43,42.4,37200,43120,73.6,0.3,210,1455,24.774
"V3B",61395,41.5,41.6,34400,40600,78.2,0.3,880,4860,20.3421
"V3C",39450,42.2,42.8,38800,44560,77.8,0.3,295,1525,22.4531
"V3E",42030,39.8,41.6,34400,44160,78.2,0.3,695,3095,81.1342
"V3G",26940,38.9,39.2,39600,47480,74.8,0.3,150,770,196.9056
"V3H",37340,40.9,42.4,44400,54200,76.8,0.3,330,1465,59.6587
"V3J",44555,41.3,40.4,34800,42400,75.6,0.3,745,3560,14.1606
"V3K",31180,42.4,42,34800,40880,77.2,0.3,280,1790,15.1872
"V3L",30990,42.4,40.8,40400,46760,79.4,0.3,465,2425,6.8129
"V3M",47925,41.6,40,36800,41680,80.6,0.3,640,4345,8.8073
"V3N",41405,41.4,40.4,33200,39160,80.2,0.3,680,3810,11.3859
"V3R",61435,40.1,39.6,29800,34040,78.2,0.3,870,5010,19.416
"V3S",105000,38.6,38,34400,39960,79.2,0.2,1175,7810,52.2236
"V3T",45515,38.5,35.2,29000,32480,82.2,0.3,1120,7115,8.146
"V3V",50870,37.8,34.8,26400,31240,78.4,0.2,1030,8175,18.3082
"V3W",95970,38,35.6,27200,31520,78,0.2,1765,13840,23.8831
"V3X",33055,38.5,37.2,31800,37840,77.6,0.3,530,3155,13.1604
"V3Y",19415,42.1,43.2,40000,45840,77.2,0.3,105,395,86.7655
"V3Z",38835,39.5,39.6,40000,52750,69.6,0.3,695,2755,91.6942
"V4A",38035,48.1,51.6,36800,48760,60.8,0.3,340,1710,17.9892
"V4B",21830,53.3,58,37600,50080,57.6,0.3,250,860,5.1745
"V4C",48435,39.7,38.8,31800,37200,77.6,0.2,585,4465,13.2968
"V4E",12280,42.2,44,38400,46600,73.2,0.3,125,650,7.062
"V4G",75,42,43.2,,,,,0,0,10.8898
"V4K",25195,45.1,47.2,40400,47480,71.2,0.3,160,635,135.2378
"V4L",7875,50.2,54.8,44000,56800,59.7,0.3,20,75,6.5825
"V4M",16805,45.9,49.6,41600,54300,65.8,0.3,165,705,13.6993
"V4N",86010,39,38.8,35200,41840,79,0.3,885,4920,68.1612
"V4P",13950,46,48.4,37200,52250,58.7,0.4,290,770,10.6623
"V4R",17040,38.9,40,41600,49280,76.4,0.3,55,370,172.618
"V4S",7920,40.7,42,35600,42360,75,0.3,30,95,169.696
"V4T",31700,45.9,48,35600,42400,64.2,0.3,80,480,67.2407
"V4V",17725,43.9,45.6,36800,48640,65,0.3,110,325,124.1732
"V4W",21245,40.7,40.8,36000,43960,70.2,0.3,45,455,94.4271
"V4X",14365,39.4,38.8,33600,43360,69,0.3,145,525,130.7937
"V4Z",5775,39.4,40,37200,43280,70.8,0.3,15,120,682.0563
"V5A",25405,41,40,34800,44400,72.4,0.3,530,2330,21.5915
"V5B",22575,42.3,42,33200,42840,73.4,0.3,285,1770,8.5705
"V5C",37685,41.3,38,37200,44760,79.4,0.3,810,3450,7.3639
"V5E",26840,42.8,41.6,30600,39120,73.6,0.3,620,2665,7.4223
"V5G",20135,44.3,44.8,33200,39840,72.4,0.3,300,1305,11.7392
"V5H",41950,42,38.4,28200,34960,75.4,0.3,1685,6895,6.9021
"V5J",23190,42,40.8,31000,38200,75.2,0.3,570,2130,13.7384
"V5K",23430,42.6,42,32800,41520,78.2,0.3,215,1220,5.8956
"V5L",19475,40.8,38.8,36000,43720,81,0.3,150,895,3.4843
"V5M",23410,44.1,42.8,27800,35360,74,0.3,300,1675,4.9012
"V5N",35845,40.9,38.4,32400,41400,80.6,0.3,580,2780,4.9259
"V5P",31625,44.2,44,27800,35040,74.2,0.3,535,2355,5.1674
"V5R",48150,41.7,39.2,29400,34600,80,0.3,900,4820,5.8547
"V5S",32940,43,42.4,33600,39800,76.2,0.3,390,2065,7.0962
"V5T",26340,39.2,36.4,41200,48840,86.6,0.3,350,1830,3.0897
"V5V",24285,40.2,39.2,38000,47840,79,0.3,325,1480,3.7289
"V5W",20825,41.8,40.8,32000,39880,78.2,0.3,335,1725,3.2086
"V5X",31095,40.8,38,28200,34240,76,0.3,875,4090,6.4234
"V5Y",19035,40.4,37.6,44800,58400,74.8,0.4,345,1775,4.1847
"V5Z",24955,43.2,40.4,42000,55700,71.6,0.4,600,2315,3.7848
"V6A",21065,44.3,42,28400,41240,75.4,0.4,225,1280,3.2696
"V6B",32375,39.4,36,41200,52100,83.6,0.4,1440,5435,1.9812
"V6C",2845,43.1,40,41600,87200,44.5,0.6,70,235,0.3778
"V6E",27480,42,37.6,36800,48240,73,0.4,1055,4980,1.2187
"V6G",28015,45,41.6,38000,49040,74.6,0.4,980,4395,5.0571
"V6H",17740,43.4,39.6,44000,54800,73.8,0.4,375,1455,2.7252
"V6J",23045,43.2,40,44800,63850,68.2,0.4,440,2225,4.3035
"V6K",27145,41.9,38.8,42800,57300,72.6,0.4,715,3340,3.1573
"V6L",10565,44.5,46.4,35600,59050,60.6,0.4,350,940,3.4062
"V6M",16420,45.4,46.8,36400,65600,57.4,0.5,390,1555,4.4421
"V6N",14260,42.8,44.8,37200,64100,57.6,0.5,405,870,7.3941
"V6P",33080,42.9,42.4,31200,46280,67,0.4,1140,3665,8.8707
"V6R",19170,42.5,42,38800,65200,61.3,0.5,660,2310,4.7671
"V6S",15710,38.1,36.4,32400,50240,68.4,0.5,990,3050,4.018
"V6T",12045,37.6,31.6,29200,51600,58.3,0.5,655,2195,7.2837
"V6V",11095,41.7,42.8,32000,38160,80.4,0.3,75,400,23.8155
"V6W",2435,43.3,40.4,35600,40760,76,0.3,45,135,23.1463
"V6X",41320,41.4,38,27000,33360,78.2,0.3,1240,4230,13.3262
"V6Y",49220,44.5,44.8,26400,33600,73.6,0.3,1305,4495,9.9996
"V6Z",20685,42.2,38.8,41200,57700,70.8,0.4,805,3305,1.0279
"V7A",26535,43.2,44,29200,37280,70.8,0.3,560,1900,9.9199
"V7B",820,41,43.2,40400,52600,82,0.3,0,25,17.9452
"V7C",40705,43.5,44.4,28000,36920,68.8,0.3,945,3115,10.6744
"V7E",37805,44.4,47.2,35200,46120,69.8,0.3,715,2030,20.0456
"V7G",11850,43.8,47.2,47600,64600,72.4,0.3,105,475,43.5829
"V7H",12430,43.5,44.8,45600,56000,74.4,0.3,85,475,35.3593
"V7J",17865,41.9,42,42000,53500,72.6,0.3,205,1085,28.8174
"V7K",12585,40.7,43.2,46000,60100,78.4,0.3,185,630,7.7674
"V7L",29250,42.4,41.6,40000,50240,78.2,0.3,450,2580,7.2661
"V7M",23085,43.7,42.4,38800,45120,75.8,0.3,340,2200,3.9548
"V7N",15150,43.7,46,40000,57200,70.4,0.3,280,905,18.9085
"V7P",13710,42.5,42.8,32800,44960,72,0.3,265,1370,5.7231
"V7R",15585,42.7,45.6,44000,71700,70,0.4,265,1195,24.65
"V7S",11140,44.2,47.2,35200,73600,46,0.5,310,975,67.9945
"V7T",9890,50,52.4,34000,55150,56,0.4,220,895,3.9999
"V7V",15240,49.7,52.8,40400,94300,44.8,0.5,285,1380,6.7319
"V7W",8695,46.1,50.4,48400,97700,57.2,0.5,150,560,810.013
"V7Z",205,53.4,61.2,,,,,0,0,9.4222
"V8A",19135,49,54,31400,37000,59,0.3,50,240,807.9347
"V8B",17675,37.9,37.2,42400,49520,79,0.3,200,1010,3134.9647
"V8C",8235,41.7,42.4,43600,51350,76.2,0.3,35,100,239.2799
"V8E",13790,38.1,36,37200,48280,73,0.3,325,1870,239.9955
"V8G",19605,40.1,39.6,37600,43960,76.6,0.3,105,495,9721.8369
"V8J",12345,40.4,39.6,37600,46920,79.8,0.3,125,425,3027.6415
"V8K",11635,51.2,56.4,32400,45040,54.8,0.3,80,300,182.9422
"V8L",25110,53.2,59.2,41200,49480,53.8,0.3,85,505,45.3718
"V8M",16685,47.8,51.6,40400,47840,61.5,0.3,70,285,44.7221
"V8N",26050,44.1,44,35600,48440,59.2,0.3,360,1680,15.0089
"V8P",18420,44.9,44.4,36800,44800,65.4,0.3,255,930,8.9531
"V8R",24075,44.2,43.6,38400,48320,66.2,0.3,310,1215,8.0457
"V8S",17295,49,52.4,43600,59300,53.9,0.3,145,660,7.0641
"V8T",21345,42.1,38.4,32000,36720,76.6,0.3,260,1390,5.2509
"V8V",28430,48.7,47.6,36000,42240,63.6,0.3,315,1620,4.6697
"V8W",6455,44.8,40.4,34800,43400,72.2,0.3,155,530,1.1075
"V8X",24225,43.4,42.4,38000,43800,68.8,0.3,230,1205,12.942
"V8Y",10135,49.7,54.8,46400,58150,55.6,0.3,145,355,10.7091
"V8Z",32135,43.2,43.2,38800,43040,71.4,0.2,220,1060,18.5651
"V9A",39760,44.8,44.4,37200,42720,71.4,0.3,255,1435,13.06
"V9B",53955,40.9,40.4,39600,43480,75.6,0.3,485,2225,70.8489
"V9C",27885,40.6,40.8,42800,47080,72.6,0.2,230,670,100.9778
"V9E",5340,47.2,51.2,42800,55200,58.6,0.3,65,90,178.5848
"V9G",15885,48.5,53.2,34400,40840,60.3,0.3,50,160,124.2019
"V9H",10135,45.5,49.2,37600,44680,65.4,0.3,20,145,2880.7689
"V9J",9385,47.3,52.4,35200,43760,64.8,0.3,35,65,187.5907
"V9K",16685,55.7,62,34000,41520,47.7,0.3,60,120,395.3983
"V9L",36520,45.5,48,32800,39320,63.5,0.3,150,760,626.5461
"V9M",18470,49.3,54,36800,43000,56.8,0.3,105,375,29.0435
"V9N",32955,46.7,48.8,33600,39360,61.1,0.3,140,755,831.4049
"V9P",27705,54.6,61.6,34400,41800,48.5,0.3,75,425,118.8923
"V9R",31995,42.6,41.2,30800,36680,69.2,0.3,185,1265,62.8495
"V9S",17975,46,46,32000,38000,66.4,0.3,135,565,13.4742
"V9T",36955,45.5,46.4,36000,42120,65.6,0.3,195,920,27.2258
"V9V",11300,48.3,52.4,37200,44560,58.6,0.3,135,450,6.1822
"V9W",30785,45.9,48,33600,40080,64,0.3,95,495,89.2306
"V9X",11345,43.1,45.2,36800,43240,70.6,0.3,10,105,1383.6257
"V9Y",26445,46.7,50,31200,36920,60.4,0.3,65,245,1725.9167
"V9Z",20135,44.2,46.4,36400,41120,68.2,0.3,60,265,149.4105
"X0A",19355,28.7,26.8,38400,51080,84.4,0.3,15,155,970387.7204
"X0B",6475,28.7,25.8,28400,41640,77.6,0.3,10,0,452361.383
"X0C",11030,27.2,23.6,31200,44320,79.8,0.3,10,25,414244.6732
"X0E",19800,37,35.6,38400,49040,79.4,0.3,25,185,920802.8987
"X0G",470,37.1,35.6,25400,33600,71,0.3,0,0,67.6132
"X1A",20805,35.7,35.6,60800,64500,86.6,0.3,95,675,206841.4058
"Y0A",1655,44,47.2,35200,41720,76,0.3,10,35,158266.8753
"Y0B",7480,42.8,43.6,40000,44320,75,0.3,30,120,311462.8154
"Y1A",31095,39.1,38,49200,54750,77.4,0.3,210,1350,2615.7443
