"geo_name","cluster","LANDAREA","Total population","Median age","Average age","Median after-tax income","Average after-tax income","Employment income (%)","Gini index","External migrants 1 year ago","External migrants 5 years ago"
"A0A",8,4136.6221,44930,51.6,47.2,29800,36480,64.4,0.3,35,55
"A0B",8,4152.6284,19285,57.2,51.6,28600,35160,60.3,0.3,0,50
"A0C",8,2733.4722,11970,56.4,51.2,26600,31760,57.6,0.3,10,50
"A0E",8,6365.8235,21210,54.8,49.6,27400,34640,63,0.3,0,25
"A0G",8,15499.6047,33315,56,50.7,26400,32040,55.9,0.3,15,65
"A0H",8,20867.7402,16745,55.2,50,26800,32200,58.4,0.3,0,10
"A0J",8,1823.4152,7495,55.6,50.7,26000,32720,59.3,0.3,0,0
"A0K",8,58466.1398,24660,55.2,50.5,28400,34200,60.5,0.3,30,85
"A0L",8,1490.5444,7505,50.8,46.8,32000,36920,62.5,0.2,0,0
"A0M",8,3493.0858,5465,55.6,50.5,29400,36440,63.6,0.2,0,0
"A0N",8,12012.2029,12385,56.8,51.5,24600,29520,51.6,0.3,0,15
"A0P",2,154110.1059,13060,36,36.8,39600,43520,78.8,0.3,35,270
"A0R",3,64964.7996,2660,36.4,35.8,55600,59550,89.6,0.2,0,20
"A1A",6,42.2284,30090,45.2,44.4,38400,48200,71.2,0.3,165,1230
"A1B",6,52.2588,20905,34,39,28400,39960,71.4,0.3,340,2410
"A1C",12,3.9805,12710,39.6,42.1,28000,38840,71.8,0.4,95,665
"A1E",11,14.2423,26860,46.8,45.6,32400,39360,66.8,0.3,130,860
"A1G",11,10.7733,5805,44,43,36000,41840,75.2,0.3,0,60
"A1H",2,153.9089,6470,37.6,36.6,50400,55550,85.4,0.2,10,50
"A1K",2,86.0335,12345,43.2,40.8,42400,51250,78.2,0.3,15,70
"A1L",2,29.6684,22960,38,37.3,44400,50200,83.6,0.2,0,135
"A1M",2,57.6063,8405,42.8,40.7,42400,51040,77.6,0.3,0,65
"A1N",11,15.6504,22475,46,44.5,36000,40360,69.8,0.3,65,165
"A1S",7,158.4788,6105,45.6,43.3,36000,40480,74,0.3,0,20
"A1V",11,104.5283,11890,45.2,43.7,35200,42200,72.4,0.3,25,180
"A1W",7,23.2536,11175,44.4,42.3,39600,46440,77.2,0.3,15,75
"A1X",7,36.47,15945,42.4,41.5,37600,41360,77.6,0.2,10,35
"A1Y",8,130.7763,5440,52.4,47.9,27600,34360,61.6,0.3,15,30
"A2A",11,27.2342,9280,48,45.3,32400,39120,66.6,0.3,0,130
"A2B",8,27.6087,4740,50.8,47.3,26600,32400,65.4,0.3,0,0
"A2H",11,1494.7447,25290,48.8,46.2,32000,37400,66.4,0.3,60,300
"A2N",8,49.5011,8615,51.6,47.4,28200,34240,59.6,0.3,35,105
"A2V",3,34.1095,7450,38.8,37.9,51600,59000,86,0.2,20,225
"A5A",11,855.5309,8435,46.8,44.7,30600,37880,70.6,0.3,10,90
"A8A",8,4645.6008,6475,52.4,48,27600,34000,62,0.3,0,40
"B0C",8,1603.8466,2750,52.4,47.5,31200,34960,56.5,0.3,15,30
"B0E",8,5995.6604,25920,54,48.6,30000,35000,58.7,0.3,65,370
"B0H",8,2614.0401,9795,53.6,48,29800,34320,63.4,0.3,25,60
"B0J",8,5165.7381,41030,54,48.9,30800,36920,61.4,0.3,140,570
"B0K",8,3452.0117,35140,52,47.7,30200,35000,60.4,0.3,115,305
"B0L",8,215.4799,2335,54.4,48.9,28000,29520,57.4,0.3,0,0
"B0M",8,4101.9623,17445,51.2,47.3,28800,32880,61.8,0.3,45,105
"B0N",8,4851.283,40485,48,44.9,31600,35240,67.4,0.3,25,225
"B0P",8,1789.892,41540,47.6,44.9,30800,35280,64.8,0.3,70,425
"B0R",8,1105.3853,6090,56,50.2,27800,32600,55.4,0.3,30,20
"B0S",8,2829.946,17870,55.2,49.6,26400,31080,56.8,0.3,90,210
"B0T",8,3963.5831,14730,54.8,49.5,27600,32920,58.9,0.3,70,145
"B0V",8,291.8703,5655,54,48.8,25200,30640,58.8,0.3,55,125
"B0W",8,4328.5247,25890,52.8,48.2,29200,33920,64.8,0.3,70,145
"B1A",8,30.7175,14990,50,46.5,27400,32160,59.9,0.3,20,310
"B1B",8,155.8567,1235,54.4,49.5,30400,34700,58.4,0.3,0,0
"B1C",8,237.7669,1700,55.6,49.9,32800,36160,60.2,0.3,0,0
"B1E",8,5.0542,1535,49.2,46.1,28400,31950,58.8,0.2,0,0
"B1G",8,6.2855,1795,53.6,48.6,27200,32960,59.4,0.2,0,0
"B1H",8,54.2751,9150,52.8,47.9,28000,31960,57.4,0.3,0,60
"B1J",4,281.5396,1150,61.2,54.3,35200,39500,49.2,0.3,0,0
"B1K",8,770.9546,3335,54.8,49.3,34400,41320,65.4,0.3,0,25
"B1L",8,183.4694,4950,49.2,45.7,36000,40880,68.6,0.3,0,60
"B1M",8,49.332,1270,49.2,46,34400,36700,65.2,0.3,0,30
"B1N",8,55.3009,5605,46,44.1,26800,30200,58.6,0.3,25,180
"B1P",12,42.873,14700,43.6,43.9,26800,31120,61.7,0.3,215,1480
"B1R",11,25.417,4480,48.4,45.7,35600,39000,65.6,0.2,0,30
"B1S",18,14.8871,8825,51.2,48.2,31800,37480,61.4,0.3,55,260
"B1T",4,180.6172,400,61.2,53.1,32400,38000,57,0.3,0,0
"B1V",8,11.7201,6085,49.6,45.7,29000,32280,58.6,0.3,0,0
"B1W",15,35.909,3520,25.4,29.2,16600,24200,64.4,0.3,0,0
"B1X",8,235.0407,925,54.4,48.6,32800,40600,56.8,0.2,0,0
"B1Y",8,236.5393,5945,53.2,48.2,32000,36360,61,0.3,10,10
"B2A",8,78.6914,7710,54.4,49,28800,33240,59.2,0.3,0,15
"B2C",4,170.2944,265,60.4,53,29600,37200,56,0.3,0,0
"B2E",,73.0693,55,66,64,,,,,,
"B2G",8,996.4274,15315,45.6,44.4,32800,38080,64,0.3,170,455
"B2H",8,311.9752,15330,49.6,46.5,31000,36680,61.9,0.3,75,245
"B2J",,110.1724,65,56.8,54,,,,,,
"B2N",8,57.1758,20815,47.2,45.7,28200,33600,63.9,0.3,135,800
"B2R",2,54.3199,2550,46.8,44.5,42000,51250,69.4,0.3,0,55
"B2S",7,458.5052,8010,42.4,40.8,37200,41600,76.4,0.2,10,55
"B2T",2,545.0617,17780,43.2,40.8,42000,54150,80.6,0.3,50,250
"B2V",7,11.2236,12250,43.2,41.7,40800,44760,73,0.2,40,280
"B2W",11,22.9358,33145,46.4,44.8,37600,41600,67.6,0.2,55,520
"B2X",11,12.06,12035,42,41.6,36000,41760,73,0.3,65,565
"B2Y",12,6.3741,15420,42,43.5,32800,37600,70.2,0.3,85,725
"B2Z",7,118.3062,8335,47.6,44.4,37200,40600,73,0.2,30,50
"B3A",12,24.742,21855,40.8,42.2,29800,34920,71,0.3,120,1720
"B3B",12,3.0519,1690,34.8,37.1,32000,34700,74.8,0.2,0,75
"B3E",7,94.8735,7085,44.4,42.2,38000,42120,72.2,0.2,0,20
"B3G",7,32.5854,11275,40.8,40.2,37600,40040,77,0.2,40,115
"B3H",10,6.6375,20790,29,37.6,25800,43160,64.8,0.4,675,3240
"B3J",10,0.9453,9090,28.4,34.3,27800,37840,73.6,0.4,415,2090
"B3K",12,6.5399,23205,35.2,40.1,31000,36480,75.2,0.3,250,1955
"B3L",12,4.4422,18405,34.8,38.4,31600,38640,74.6,0.3,195,1865
"B3M",12,12.0434,37555,37.2,40,31600,37560,70.8,0.3,825,5595
"B3N",12,7.5457,14945,39.6,41.6,34000,40520,69.8,0.3,135,1165
"B3P",6,11.9286,11390,39.6,41.8,36000,41760,70.4,0.3,150,1075
"B3R",19,14.7484,9500,38.4,38.9,28400,31920,70,0.3,35,605
"B3S",6,3.8052,13820,43.6,45.3,33200,36920,65,0.3,195,1470
"B3T",7,215.295,17775,41.6,40.2,39200,42000,77.6,0.2,110,335
"B3V",7,124.474,6135,46,43.7,38000,41800,73.8,0.3,15,70
"B3Z",2,508.0347,17840,45.6,42.4,42000,47080,74,0.3,55,215
"B4A",2,19.8529,18545,43.2,41.9,39600,47360,69.2,0.3,125,1175
"B4B",3,163.0519,19570,40.4,39.1,42800,50360,76.6,0.3,185,1220
"B4C",11,33.9042,18425,44,42.9,34000,36720,70.8,0.2,25,265
"B4E",7,41.3849,19715,40,39.2,38000,41200,79.2,0.2,75,400
"B4G",7,115.2362,5430,41.2,39.7,41200,42120,79.8,0.2,10,55
"B4H",8,732.8223,13725,50,46.5,29000,33960,62.7,0.3,45,155
"B4N",8,321.1869,18025,46.4,44.7,29000,34440,64.2,0.3,95,500
"B4P",8,221.0262,8780,47.6,45.9,28200,35280,57.5,0.3,120,560
"B4R",7,7.7363,2860,46.4,44,35600,37880,66.8,0.2,10,115
"B4V",8,638.0046,20375,51.6,47.9,29400,33880,61.9,0.3,30,365
"B5A",8,553.1379,16750,50,46.5,27800,33400,63.3,0.3,105,265
"B6L",7,877.8391,12990,46,43.4,34400,38760,71,0.3,10,80
"B9A",8,78.4585,4470,48.4,45.8,30000,35000,64.6,0.3,20,120
"C0A",8,3089.0533,48140,44.8,43.1,33200,36920,67.4,0.3,185,1070
"C0B",8,2005.1851,29900,47.2,44.4,32000,35600,68.2,0.3,180,765
"C1A",12,21.5076,25860,40.4,43,28400,34360,66.4,0.3,380,3455
"C1B",19,233.9523,14820,40.4,40.1,37200,42200,72.2,0.3,150,965
"C1C",19,42.3774,5240,39.6,41.1,33200,35240,71.2,0.2,65,400
"C1E",19,149.1004,12680,42.8,41.7,34000,39480,71.8,0.3,215,1185
"C1N",8,140.0025,17690,47.2,45,30400,34360,67,0.3,120,730
"E1A",19,99.0623,48340,40.4,41.4,35200,40120,73,0.3,450,3145
"E1B",11,34.0983,20585,45.2,43.9,34800,39120,71.4,0.2,65,570
"E1C",12,12.2776,25830,40.8,42.8,26800,31760,67,0.3,495,2785
"E1E",19,34.0378,11935,42.8,43.3,33200,38360,68.4,0.3,65,755
"E1G",19,447.7288,24785,40.8,39.7,38000,41960,76.6,0.3,250,1505
"E1H",16,272.3461,7885,47.2,44.7,34400,39320,72.2,0.3,20,50
"E1J",7,169.1107,3735,44.8,42.6,37200,40880,72.2,0.2,0,25
"E1N",8,980.726,11335,50,46.5,31400,35640,64,0.3,10,155
"E1V",8,915.9923,13815,50,46.5,32000,36240,65.4,0.3,0,165
"E1W",8,174.4149,6940,55.6,51.2,30200,35360,60.3,0.3,20,25
"E1X",8,451.1272,14085,52,47.8,28800,32520,61.9,0.3,0,30
"E2A",8,1937.2096,17405,53.2,49.1,29200,34200,61.3,0.3,50,340
"E2E",2,25.8261,19840,44,42.3,42000,51500,73.4,0.3,65,525
"E2G",2,32.4951,5530,42.4,41.3,40000,46800,74.6,0.3,0,35
"E2H",0,23.6453,4750,44.4,42.6,36800,52100,69.4,0.4,25,120
"E2J",12,31.2457,16060,44,43.9,30200,33040,69.4,0.2,100,790
"E2K",12,31.6109,18800,42.4,42.8,28600,34720,65.6,0.3,210,1500
"E2L",12,2.4507,8220,39.2,41.8,25200,31400,71.8,0.3,120,630
"E2M",11,119.6854,18835,46.8,44.3,34400,38240,69.6,0.3,60,205
"E2N",7,91.107,4310,46.4,43.5,36800,40680,76.4,0.2,0,10
"E2P",7,25.6766,1340,45.6,43.2,34400,36000,72.4,0.2,0,10
"E2S",7,311.7279,6970,44,41.5,36400,40240,77.8,0.2,10,35
"E2V",3,281.9287,14545,34.4,36.8,40400,40920,75.6,0.2,20,80
"E3A",11,1151.348,29465,42.8,42.5,34000,37680,71,0.3,40,805
"E3B",12,521.3186,39790,37.2,40,33200,40200,69.8,0.3,520,3050
"E3C",5,152.6019,12320,43.6,42.3,42400,45920,72.4,0.2,60,310
"E3E",2,257.5042,4720,43.6,41.5,39600,46640,70.8,0.3,0,25
"E3G",7,227.4319,9120,42,40.9,38800,43480,75,0.3,40,170
"E3L",8,363.2107,8440,49.6,46,28800,33400,65,0.3,60,215
"E3N",8,1441.2183,13470,53.6,48.6,29000,33080,61.2,0.3,0,140
"E3V",18,86.6808,12145,54,49.9,30400,35360,63.8,0.3,35,410
"E3Y",8,1163.2145,7115,48.8,45.8,30800,35240,68.2,0.3,20,75
"E3Z",8,171.6515,3965,50,46.4,30600,34480,63.3,0.3,10,35
"E4A",8,1248.8792,3000,56.8,50.9,27000,32160,61.2,0.3,30,50
"E4B",8,475.8974,4265,54.4,49.1,28200,32440,60.7,0.3,0,25
"E4C",8,580.8362,2455,57.2,51.4,29800,34720,53.4,0.3,0,30
"E4E",8,664.4041,9165,48.4,45.1,29200,34920,66.6,0.3,10,150
"E4G",8,436.7752,2710,48,44.4,30800,33160,62.1,0.3,0,0
"E4H",8,1016.5965,4205,50.4,46.9,30200,33560,65.6,0.3,0,15
"E4J",8,205.8624,5000,47.2,44.4,30800,33760,67.8,0.2,10,60
"E4K",8,252.6022,6395,46,44.5,34800,37800,70.4,0.2,25,105
"E4L",8,691.1698,7745,46,44.5,31200,37480,65.6,0.3,55,235
"E4M",8,442.1741,1935,58,51.4,28000,33200,52,0.3,0,20
"E4N",8,113.3426,3895,51.6,47.8,31200,34520,63.6,0.3,55,130
"E4P",8,364.301,15900,52,48.3,33600,37800,65.2,0.3,65,255
"E4R",8,137.757,6885,52.8,48.5,34400,38720,68.8,0.3,0,35
"E4S",8,394.6169,7275,54,49.5,30400,33840,61,0.2,10,80
"E4T",8,2237.1132,2190,52.4,48.1,27200,29760,59.6,0.2,0,0
"E4V",8,183.2842,4520,47.2,45.2,32800,35520,70.6,0.2,0,40
"E4W",8,595.6233,8605,48.4,45.2,28800,33200,61.3,0.3,15,125
"E4X",8,260.6329,3090,55.6,50.8,29600,31640,55.9,0.3,0,20
"E4Y",8,665.5381,3060,56.8,51.3,27000,30560,54.9,0.2,0,0
"E4Z",8,2490.1414,5870,46.8,44.3,29800,34080,67,0.3,0,0
"E5A",8,882.1724,1625,51.6,47.1,27000,29600,63.2,0.3,0,0
"E5B",4,347.8057,3335,56.4,50.2,33600,43720,55,0.3,25,125
"E5C",8,516.218,4355,47.6,44.7,32400,36040,69.4,0.3,0,25
"E5E",8,39.5937,945,50.8,46.7,28800,34300,56.8,0.2,15,25
"E5G",5,156.521,2735,44,43,33600,41720,73.4,0.3,0,30
"E5H",8,372.7658,2910,47.6,44.3,31600,34880,69.6,0.2,10,10
"E5J",8,442.5738,2115,48.8,45.6,35600,44680,69.2,0.3,0,0
"E5K",7,600.1638,7260,45.2,43.2,38000,43280,74.8,0.2,0,15
"E5L",8,1553.2384,2905,48.8,45.7,30600,33080,68.2,0.2,20,20
"E5M",8,610.8687,2170,55.2,49.8,31400,36360,62.6,0.3,0,15
"E5N",7,601.3895,12265,44.8,43.1,34800,39320,70.8,0.3,0,40
"E5P",8,317.1822,2680,47.2,44.1,30000,33920,71.4,0.3,0,0
"E5R",8,631.349,1515,52,47.6,29400,35200,67.2,0.3,0,0
"E5S",8,116.1286,1885,52,47.4,36000,39280,67.2,0.3,0,15
"E5T",8,477.7522,3145,48.8,45,29800,35960,70.4,0.3,0,15
"E5V",8,38.3193,715,52,48.1,32400,37000,67,0.3,0,0
"E6A",8,2335.0003,1240,53.2,48.2,28800,29800,63.6,0.2,0,0
"E6B",8,1628.9512,1575,51.2,46.7,28400,31650,65.2,0.3,0,0
"E6C",8,563.0066,2105,45.2,43.2,32800,34360,73.2,0.2,0,25
"E6E",8,579.7759,1495,48.8,45.2,28800,32800,64,0.2,0,0
"E6G",8,571.8624,2655,52,47.6,31800,37040,65,0.3,0,20
"E6H",8,1001.8805,1215,55.2,50,29800,36000,62.8,0.3,0,15
"E6J",8,548.9555,1235,54.8,48.8,27400,31200,62.4,0.3,0,40
"E6K",8,811.5974,4085,50.4,46.2,33600,38160,67.8,0.3,15,25
"E6L",7,432.084,4820,47.2,44.1,33200,37440,71.6,0.3,0,0
"E7A",8,601.2534,3705,53.2,48,30600,33600,67,0.3,25,120
"E7B",8,650.5028,5645,50.4,46.6,31400,36000,70.4,0.2,0,40
"E7C",8,1066.1272,5060,52,47.6,31800,34880,66.6,0.3,0,10
"E7E",8,914.2085,4095,51.2,46.9,29800,32240,67.8,0.2,0,45
"E7G",8,3710.547,3620,54,48.9,26600,30720,61.1,0.3,0,0
"E7H",8,583.6354,5600,49.2,45.2,27000,31120,60.4,0.3,15,20
"E7J",8,777.2255,1905,49.2,45.6,29800,32800,63.4,0.2,0,0
"E7K",8,306.8673,2405,47.6,44.2,29600,32000,66.4,0.2,0,0
"E7L",8,1035.8081,5100,48,44.3,30600,35280,72.4,0.3,0,110
"E7M",8,435.0027,10435,44.4,43.3,30000,40120,59.8,0.3,15,415
"E7N",8,412.4201,3155,45.6,42.6,31800,33800,69,0.3,15,65
"E7P",8,341.7334,3470,48,44.7,31600,34920,74,0.3,0,35
"E8A",8,2478.2472,3645,48.8,45.6,31400,33120,67,0.2,0,55
"E8B",8,2049.8202,2305,49.2,45.6,28800,30400,60.8,0.3,10,10
"E8C",8,17.1494,3695,56,50.6,28800,31320,51.7,0.3,15,15
"E8E",8,1228.0521,5115,52.4,47.6,32400,36520,61.5,0.3,0,0
"E8G",8,1352.3319,2465,59.2,54.5,23600,28040,49.4,0.3,10,10
"E8J",8,173.8053,5625,54,49,30600,33600,64.4,0.3,0,15
"E8K",8,326.968,8715,52.4,48.2,31200,35480,65,0.3,30,55
"E8L",8,654.6006,2255,53.6,50.4,27800,31040,58.4,0.2,0,0
"E8M",8,196.0859,2020,52,47.4,27200,31800,62.6,0.3,0,0
"E8N",8,78.2525,2400,57.6,52.5,27000,29920,54,0.2,0,0
"E8P",8,198.5975,3405,55.2,50.6,28800,33120,60.1,0.2,0,0
"E8R",8,229.68,3125,54.4,50.2,26000,29000,58.3,0.2,0,0
"E8S",8,62.2297,4610,52.8,48.8,30800,36440,61.7,0.3,10,75
"E8T",8,185.8992,5715,55.6,50.7,29000,33640,57.5,0.3,25,25
"E9A",8,512.8748,2230,54.8,50.8,31200,33760,56,0.2,0,15
"E9B",8,567.6745,2275,51.2,47.3,29400,33760,61.6,0.2,0,0
"E9C",8,1488.7928,2150,56,50.6,25800,31320,55.4,0.3,0,0
"E9E",8,6211.0765,3870,51.2,47.6,29200,33800,62.3,0.3,0,0
"E9G",8,462.1294,5300,48.8,45.6,26600,29480,56.9,0.2,0,10
"E9H",8,262.4844,2930,53.6,49.9,26800,28240,53.4,0.2,0,0
"G0A",11,11122.098,83410,45.6,43.9,37600,41440,68.8,0.2,135,470
"G0C",18,8551.1387,45955,54,49.1,30000,34280,58.4,0.2,20,115
"G0E",8,1463.3106,4630,59.6,53,27600,31880,56.9,0.2,10,0
"G0G",2,127524.3928,16315,43.2,41.7,38000,44960,75.8,0.2,15,30
"G0H",5,3019.2551,10540,49.6,45.5,31800,35360,64.6,0.3,10,0
"G0J",18,11515.5635,29005,54.4,48.4,28000,32120,60.1,0.2,20,40
"G0K",11,3827.3675,11725,47.6,44.6,32800,35000,66,0.2,10,30
"G0L",18,7984.214,60940,51.2,47.1,31400,34680,64.2,0.2,85,165
"G0M",11,3126.5538,34400,45.2,43.5,32000,34880,66.8,0.2,125,420
"G0N",18,1560.109,19995,50,46.3,30600,34080,62.1,0.2,75,240
"G0P",11,907.9263,6790,46,43.6,30000,33000,63.4,0.2,0,20
"G0R",18,7117.3534,84335,49.6,46.2,32800,35440,66.6,0.2,210,590
"G0S",11,3444.0204,72495,42,41.7,34800,37040,70.8,0.2,225,590
"G0T",18,2297.7322,13560,54.8,49.3,30600,35240,61.7,0.2,15,65
"G0V",11,38016.179,18375,45.6,43.6,34800,38040,68,0.2,10,50
"G0W",5,23303.0543,36540,43.2,42.1,32800,36880,68.2,0.3,50,90
"G0X",11,31080.7623,60485,50,46,32000,35560,62.4,0.2,75,220
"G0Y",18,1773.644,9320,54,47.6,30800,33640,60.3,0.2,0,0
"G0Z",11,620.9932,8975,43.2,42.2,30400,33200,67.4,0.2,45,90
"G1B",7,41.6431,16700,41.6,40,41200,43080,76.8,0.2,10,110
"G1C",7,20.7153,36215,49.2,45.8,38400,41320,69.6,0.2,75,320
"G1E",11,11.0731,27750,45.2,45.1,33600,36520,66.6,0.2,165,695
"G1G",7,10.1297,24975,44.8,44,37600,40320,67.4,0.2,95,550
"G1H",11,8.3869,29620,48,47.2,34000,36520,65.2,0.2,170,895
"G1J",12,6.2473,23325,40,43,29200,32040,66.8,0.3,150,1215
"G1K",12,3.856,18910,39.6,42.8,30600,35360,71.8,0.3,205,1145
"G1L",12,3.9677,22025,39.6,42.5,29800,32920,71,0.3,215,1090
"G1M",11,10.7409,20770,47.2,47,32000,34880,67.6,0.2,120,810
"G1N",12,2.4844,8400,38.4,42.2,28800,31400,74.2,0.3,70,375
"G1P",11,11.4638,16535,43.2,44.4,34000,36280,68.8,0.2,180,845
"G1R",12,3.0261,16425,44.8,46.9,34000,41920,64,0.3,385,1240
"G1S",18,4.789,25910,51.6,49.6,40000,47760,62.7,0.3,265,1260
"G1T",13,4.7408,6795,51.2,47.5,53600,69400,62,0.3,50,200
"G1V",10,8.5447,23630,32.8,41,28600,35320,63.7,0.3,655,3050
"G1W",11,8.4646,22500,43.2,44.8,39200,47160,67,0.3,305,1575
"G1X",11,12.0263,26745,43.2,44.2,37200,42760,66,0.3,340,2000
"G1Y",2,6.4974,12735,49.6,46.1,46800,52550,64.8,0.3,45,195
"G2A",7,20.4068,15350,42.8,42.3,40400,43600,71.4,0.2,30,165
"G2B",7,14.5983,24935,43.6,43.1,38000,40760,71.2,0.2,30,335
"G2C",7,7.5484,12285,45.2,44.7,40800,43800,72.8,0.2,20,240
"G2E",7,9.1608,21055,47.6,45.6,39600,42400,70.4,0.2,40,200
"G2G",7,51.2998,10790,44.4,42.7,40800,44360,74.8,0.2,10,165
"G2J",18,0.9948,3225,56,51.4,37600,43600,58.6,0.3,0,110
"G2K",18,16.0871,12845,52.4,48.5,42400,48080,67.4,0.3,40,165
"G2L",7,11.7615,14610,46,44,40400,43400,68,0.2,15,115
"G2M",7,22.3716,5625,41.2,39.7,43200,45200,74.8,0.2,0,25
"G2N",7,13.3945,8485,39.2,38.5,41200,42120,77.6,0.2,0,180
"G3A",5,85.7954,20235,48.4,45.1,45200,52450,69,0.3,25,135
"G3B",2,61.734,8315,42.4,39.3,49600,55900,76.2,0.3,55,125
"G3C",7,671.61,10435,39.2,37.7,44400,46680,78.4,0.2,20,80
"G3E",7,8.4509,16115,38.8,37.6,43200,44280,80,0.2,0,85
"G3G",7,33.9882,10025,40.4,39.4,39200,40600,74.8,0.2,0,30
"G3H",7,121.1154,10145,40.4,40.6,39200,41240,75.2,0.2,0,85
"G3J",7,41.281,10635,38,38.1,40800,41920,77.4,0.2,15,120
"G3K",7,29.9346,20400,36.4,36.1,42800,43440,81.2,0.2,20,145
"G3L",11,666.2013,11105,46.8,44.7,34800,37720,70,0.2,20,40
"G3M",11,20.1956,7435,44.8,44.5,34800,38000,68.2,0.2,65,115
"G3N",7,165.8386,11115,37.6,37.6,44000,46800,73,0.2,0,30
"G3S",3,361.4882,6645,32,32.6,48400,46640,81,0.2,0,25
"G3Z",18,545.8467,7370,54.8,50.1,32000,35360,59.8,0.2,80,165
"G4A",18,51.5277,3065,50.8,47.3,32800,34920,64.4,0.2,0,15
"G4R",11,26778.6185,20325,43.2,42.2,36400,43720,74,0.3,90,255
"G4S",16,121.9205,4935,40.8,40.4,39200,41400,76.6,0.2,0,0
"G4T",18,187.3315,12655,54.4,49.1,32800,38840,63.4,0.2,20,25
"G4V",18,4544.5351,6290,53.6,48.6,27800,33760,55.8,0.2,15,55
"G4W",18,195.4893,13990,52.4,48.2,31000,35120,63,0.3,60,255
"G4X",18,2866.9162,15065,50.4,46.5,34000,37280,63.9,0.2,15,60
"G4Z",11,42369.1968,9390,48,45.2,39200,42760,70.4,0.2,10,55
"G5A",18,458.1944,8285,54,48.9,31600,35120,62.4,0.2,0,55
"G5B",2,41.1983,5975,44,42.6,38400,45480,77,0.3,0,0
"G5C",11,39.7103,11390,49.2,45.7,35600,40920,69.2,0.3,0,70
"G5H",18,55.2249,6975,52.4,47.7,28600,32880,59.5,0.3,0,10
"G5J",18,192.0236,6010,52,47.7,31000,35200,65,0.3,0,20
"G5L",18,62.2922,28735,49.6,47.6,30600,35480,60.5,0.3,65,625
"G5M",7,18.857,8830,43.6,42.4,39600,42480,70.4,0.2,0,25
"G5N",7,175.9165,8375,44.4,42.4,39600,43560,69.6,0.2,10,35
"G5R",11,83.7418,20115,48.4,46.7,33200,38240,64.2,0.3,115,380
"G5T",18,556.7846,2885,55.2,49.7,30000,32000,62.3,0.2,0,15
"G5V",18,124.4443,11000,53.2,48.8,31000,35400,62,0.3,55,185
"G5X",11,164.5911,6180,45.2,44.4,33600,35800,66.8,0.2,0,75
"G5Y",18,88.4581,23085,48.4,46,31600,34960,63.9,0.3,105,490
"G5Z",7,98.8781,7600,41.6,40.8,36800,40320,72,0.2,0,55
"G6A",7,11.7402,2545,39.2,37.2,40000,43680,77,0.2,0,35
"G6B",18,278.6531,8405,50.8,47.5,31200,34760,61.9,0.2,30,120
"G6C",7,86.0979,7960,40,39.5,39600,41640,77,0.2,40,125
"G6E",7,107.5486,13110,44,43.3,36800,40000,71.6,0.2,30,225
"G6G",18,200.6784,20355,54.4,50,30400,34120,61.2,0.3,70,335
"G6H",18,214.2918,7095,50,46.5,31200,33200,59.7,0.2,0,30
"G6J",7,94.3022,10625,40.8,39.4,40800,42000,75.6,0.2,40,150
"G6K",7,3.6949,8235,41.2,39.7,44800,47080,75.8,0.2,0,35
"G6L",11,341.1145,15290,44.4,43.6,31200,33680,66.8,0.2,105,355
"G6P",18,30.2009,29575,54,49.6,28600,33000,59.4,0.3,75,430
"G6R",7,18.3115,4700,40.8,39,37200,41560,70.2,0.2,0,20
"G6S",7,62.036,5385,43.2,42.9,35600,40200,67.4,0.2,15,45
"G6T",7,42.7389,11200,39.2,38.9,38400,40600,73.4,0.2,0,65
"G6V",18,24.8553,32035,52.4,48.9,34400,38360,63.1,0.3,210,930
"G6W",7,23.3304,25240,46.4,45,38000,42240,69.8,0.2,180,575
"G6X",11,7.9521,9310,46,45.1,36800,38320,68.2,0.2,70,240
"G6Y",7,17.3352,7230,40.4,39.7,42800,46160,75.4,0.2,25,95
"G6Z",7,95.7585,23580,42,40,42800,47640,78,0.2,45,105
"G7A",7,94.7399,25430,40.8,39.9,44400,48560,76.2,0.2,90,295
"G7B",11,264.284,17610,47.2,45.5,34000,37440,67.6,0.2,0,40
"G7G",11,33.2581,16410,44,43.2,35200,38280,69.4,0.2,0,65
"G7H",18,129.9502,28685,50.4,48.1,32800,39320,62.7,0.3,330,945
"G7J",11,16.3521,14445,45.6,44.2,33200,37560,69.2,0.3,50,145
"G7K",16,11.7827,760,47.2,45,37200,41400,68.5,0.2,0,0
"G7N",7,1934.1845,6390,42.4,41.5,42000,45600,74.4,0.2,0,0
"G7P",7,229.0277,7420,42.4,41.5,36800,39720,71.8,0.2,0,0
"G7S",7,35.932,19810,45.2,44.2,39200,42200,69.2,0.2,10,95
"G7T",7,3.8322,1640,35.6,37.1,44400,46640,77.6,0.2,0,15
"G7X",11,277.5392,25550,49.2,46.5,30400,34600,63.9,0.3,60,310
"G7Y",7,33.5472,625,48.4,45.4,37200,39200,65.5,0.2,0,0
"G7Z",7,2.3617,2640,45.6,42.9,38800,42400,70.8,0.2,0,0
"G8A",11,5.5706,6035,46.8,45.8,34000,38320,68,0.2,0,35
"G8B",18,104.6696,22060,50,46.7,32000,36040,63.3,0.3,15,135
"G8C",7,7.5392,4410,44,42.1,41600,45120,70.8,0.2,0,0
"G8E",11,82.7142,3840,44.4,43.2,34400,38520,70.2,0.2,0,30
"G8G",11,187.4938,4120,49.6,46.2,34000,36880,62.8,0.2,0,40
"G8H",18,151.3637,10040,52.4,47.8,32400,36120,62.8,0.2,20,30
"G8J",11,15119.9799,4260,46.4,44.1,33200,35040,68.8,0.2,20,20
"G8K",11,361.2722,10090,48.4,45.6,34000,37200,66,0.2,20,175
"G8L",18,16026.119,14285,50.8,46.9,31600,35600,64.4,0.3,50,75
"G8M",11,409.2404,5175,45.2,44,33600,36600,68.4,0.2,15,20
"G8N",11,1131.6707,2510,46.4,44.5,32400,36880,69.6,0.2,0,0
"G8P",7,694.8744,7310,40.8,40.5,40400,43480,77.6,0.3,60,160
"G8T",18,21.7863,27830,52,48.1,28600,31880,59,0.2,40,250
"G8V",7,39.9274,9955,44,41.8,38000,41320,72.2,0.2,40,100
"G8W",11,57.0831,11010,47.2,45.1,36800,40920,67.4,0.3,20,160
"G8Y",11,23.2219,33295,48,46,34000,38760,61,0.3,160,960
"G8Z",18,8.2854,13970,45.6,47.1,26600,30440,62,0.3,180,955
"G9A",18,37.7682,20400,48.4,47.6,25200,30040,59,0.3,115,505
"G9B",7,82.8958,18680,44,42.7,38800,43560,70.6,0.3,0,165
"G9C",7,17.6852,4020,40,39.6,42400,45320,73.8,0.2,0,35
"G9H",11,439.6729,13555,44,43.4,35600,38720,67.6,0.2,20,55
"G9N",18,37.8763,16125,55.2,50.2,25600,30400,55.8,0.3,50,245
"G9P",18,37.3731,11565,54,48.5,32800,35800,57.7,0.2,0,85
"G9R",7,22.2648,2325,44.4,42,37200,39680,69.8,0.2,0,25
"G9T",18,66.1901,15940,56,50,29000,32960,56.6,0.3,25,60
"G9X",18,7796.8026,10610,51.2,47.5,32800,35960,63.8,0.3,0,70
"H1A",9,15.165,33160,46,44,35200,37640,71.2,0.2,110,695
"H1B",9,13.2671,20650,43.2,42.6,32800,34920,70.8,0.2,80,530
"H1C",7,11.0985,15085,39.2,37.8,37200,40080,80,0.2,15,155
"H1E",9,10.9806,42570,45.2,43.6,30600,34960,68.8,0.2,140,945
"H1G",9,7.841,50990,40.8,41.4,26000,29240,64.4,0.2,375,4365
"H1H",9,4.5821,37845,40.4,40.7,26600,29760,65.2,0.2,305,3530
"H1J",9,8.2921,10590,46,44.1,32400,37240,66.2,0.3,100,760
"H1K",9,6.1714,37305,40,39.6,33600,38120,72.8,0.3,225,2945
"H1L",12,7.5319,34615,41.6,42,31800,34960,71,0.3,175,1835
"H1M",9,4.9377,29350,47.6,46.8,32800,37160,62.2,0.3,340,2125
"H1N",12,8.7485,24445,41.6,43.5,31200,34880,70.6,0.3,245,2095
"H1P",9,5.1182,18120,42.8,42,29400,34040,65.8,0.3,90,965
"H1R",9,4.6352,31260,41.6,41.1,28800,33640,64.8,0.3,195,1835
"H1S",9,4.7079,26715,43.6,43.8,28000,31800,64.4,0.3,290,2160
"H1T",12,4.1367,31320,42.4,43,31400,37040,66.6,0.3,465,2865
"H1V",12,5.0314,21910,37.2,39.8,31600,36400,79.8,0.3,275,1440
"H1W",12,3.2347,30005,34.8,38.1,30200,34080,79.6,0.3,385,2505
"H1X",12,2.7566,30180,39.6,40.9,31600,37360,75.2,0.3,355,2535
"H1Y",12,2.6523,29290,39.6,41,35600,41640,78.2,0.3,255,1460
"H1Z",9,6.9851,36490,36.8,37.6,24000,26560,65.8,0.2,405,4205
"H2A",12,2.1482,19455,39.2,40.2,25600,29760,70.8,0.3,345,1930
"H2B",12,2.5744,18050,41.6,41.7,30600,35440,70.2,0.3,280,1545
"H2C",12,2.6704,17975,42.8,43.8,35200,42760,72.6,0.3,155,1345
"H2E",12,1.915,23505,36.8,39.1,28200,32640,75,0.3,195,1980
"H2G",12,2.0126,22115,36.8,39.2,34000,39440,80,0.3,360,1685
"H2H",12,1.1386,14730,34.4,37.2,34400,40200,82.4,0.3,280,1605
"H2J",12,1.9263,27030,34.4,37,36400,44200,82.4,0.3,820,4105
"H2K",12,3.5421,29085,34.8,38.4,28600,33360,80,0.3,725,3830
"H2L",10,2.4144,27055,36.8,41.4,31200,38760,76.2,0.4,960,4165
"H2M",12,3.3748,18465,40.8,42.7,35200,39320,70.2,0.3,115,835
"H2N",9,1.13,6440,38.8,40.1,27000,30440,71.2,0.3,65,615
"H2P",12,1.6857,14385,34.8,37.6,35200,40160,80.8,0.3,265,1125
"H2R",12,2.1826,22985,35.6,38.6,34800,42800,80.4,0.3,405,1850
"H2S",12,2.5422,27215,35.2,37.9,34800,42000,80.6,0.3,435,2540
"H2T",12,1.3553,16300,36,38.9,31600,40320,79.4,0.3,545,2025
"H2V",6,4.4083,31995,34,37.3,38800,63050,72,0.4,480,2510
"H2W",10,0.9836,11510,32.4,37.4,27600,39680,79.2,0.4,610,2165
"H2X",10,1.565,21545,32.4,39.2,23200,31960,70,0.4,1360,5465
"H2Y",1,0.5104,3725,45.2,45.8,47600,62350,76.6,0.4,85,400
"H2Z",1,0.5174,3755,35.6,42.1,30800,46560,70.6,0.4,295,950
"H3A",10,0.5669,4360,28.8,35.8,21200,34680,68.4,0.5,340,1615
"H3B",10,0.3691,1900,30.2,34,28200,47600,85.2,0.6,190,575
"H3C",1,4.7286,18585,33.2,36.4,44800,57100,84.2,0.4,650,2795
"H3E",13,3.7081,21565,46.4,45.6,43600,60250,67.4,0.4,410,2540
"H3G",10,0.8859,11425,32,39.4,26600,55900,51.9,0.6,665,3440
"H3H",10,3.7198,20690,30.6,37.1,21000,42920,78.2,0.5,1385,7845
"H3J",6,1.1,11915,37.6,40,30600,42960,74.2,0.4,115,640
"H3K",12,4.4367,15275,36.8,38.7,32800,42960,79.8,0.4,150,900
"H3L",12,3.6271,20995,39.2,40.1,34400,43360,75,0.3,275,2070
"H3M",9,2.8339,15840,45.6,44.8,27200,35280,66,0.3,155,1170
"H3N",9,1.6611,29080,37.2,39.2,21000,24380,66.8,0.3,490,6305
"H3P",13,2.7467,10175,43.2,41.8,46400,70700,69.2,0.4,165,1040
"H3R",13,2.6791,10110,43.2,41.9,44400,73300,68,0.5,150,1155
"H3S",9,2.8468,33620,34.8,37.4,24600,32400,62.9,0.3,930,6430
"H3T",10,1.5744,13010,30.4,37.3,23400,36200,71,0.4,470,3425
"H3V",10,1.7925,6735,36.8,42.5,27200,34680,58.4,0.3,285,1605
"H3W",9,2.9969,30765,37.6,39.9,25200,32920,69.6,0.3,610,5405
"H3X",6,3.4584,24215,40,41.6,32800,49160,65.6,0.4,365,2485
"H3Y",13,2.5363,9565,46,42.8,58000,143600,59.7,0.5,215,760
"H3Z",0,1.5413,11545,50.4,49.4,39600,71400,50.2,0.5,315,1525
"H4A",6,3.0336,26360,38.8,40.4,35600,52150,78.2,0.4,480,2670
"H4B",9,3.0934,20935,39.6,40.7,26800,35960,72.8,0.4,330,3150
"H4C",12,3.9029,17300,34.4,38.7,32800,39560,80.6,0.3,210,1125
"H4E",6,4.5651,30155,39.2,41.1,30000,34360,73.4,0.3,420,2215
"H4G",12,2.7796,29860,36,39.5,31800,36120,79.6,0.3,420,2775
"H4H",6,3.1279,18935,40.4,41.3,35600,41080,77.6,0.3,120,825
"H4J",9,2.8353,18075,38,38.9,26600,32960,70.8,0.3,300,3070
"H4K",0,4.3891,11320,44.8,43.9,31600,46080,68,0.4,80,335
"H4L",9,5.53,36215,39.6,40.9,26800,32600,68.8,0.3,755,5035
"H4M",9,2.761,12470,39.6,39.8,31000,40440,70.6,0.3,105,1200
"H4N",9,5.3313,30200,37.2,38.1,25200,29280,68.6,0.3,765,5460
"H4P",12,3.4168,9110,34,36.4,30400,37200,77.8,0.3,325,1715
"H4R",6,8.5006,31130,39.6,39.3,36000,49200,75.8,0.4,530,2495
"H4S",2,16.1571,565,42.8,39.5,40800,51800,80,0.3,0,0
"H4T",,5.2708,,,,,,,,,
"H4V",9,2.6588,20700,42,42.3,28200,35080,65.8,0.3,265,2420
"H4W",0,5.7786,26360,43.6,44.2,32000,43800,59,0.4,320,2430
"H4X",13,1.6261,6465,42.4,41.2,40000,54750,74.4,0.4,40,425
"H7A",7,18.3298,21640,40,38.7,36400,39040,77.2,0.2,45,410
"H7B",7,13.5758,2955,44,42.2,38000,41720,72,0.2,0,10
"H7C",7,18.0816,8820,43.6,42.8,32800,36840,70.6,0.2,40,155
"H7E",7,18.3096,26590,44,42.4,38000,46080,70.8,0.3,125,665
"H7G",11,6.4765,22050,43.6,43.8,32800,37640,67.4,0.3,115,1015
"H7H",7,6.1779,13865,40,38.7,39200,41640,77.8,0.2,60,250
"H7J",5,28.8811,2160,48.4,44.5,38400,45520,69.6,0.3,0,30
"H7K",7,11.5598,22475,43.6,41.4,38400,43360,76.6,0.2,65,350
"H7L",7,15.9364,37890,41.2,39.3,40400,45160,79.8,0.2,130,820
"H7M",11,11.1036,27730,46.8,45,34400,38240,71.2,0.2,135,620
"H7N",11,8.2897,44645,40.4,42.2,31200,35040,71.4,0.3,435,2865
"H7P",7,16.1875,37455,43.2,41.8,35600,40520,73.2,0.2,100,835
"H7R",7,17.5033,31005,42.4,40.9,36000,40960,75.6,0.2,70,860
"H7S",9,9.6383,7750,41.6,41.5,31200,34600,67.4,0.3,75,420
"H7T",11,11.6602,28210,44.4,43.6,33200,38400,70.8,0.3,235,1270
"H7V",9,5.6008,23240,44,44.3,25200,29760,61.6,0.3,295,2260
"H7W",9,9.6847,42580,45.6,44.7,27800,33880,63.6,0.3,345,2470
"H7X",7,12.7664,27330,42,40.2,36400,44600,76.8,0.3,145,770
"H7Y",2,6.3723,9980,40.8,37.8,44800,51160,81.2,0.3,25,235
"H8N",6,7.9675,33205,41.2,42.6,28400,32360,69.6,0.3,500,4010
"H8P",6,4.4125,22980,45.2,44.7,32400,37000,69.4,0.3,175,1200
"H8R",6,7.072,31490,39.6,40,28400,32440,70.4,0.3,285,3225
"H8S",12,12.4235,25685,40.8,42.3,30200,34360,74.6,0.3,270,2270
"H8T",0,3.3164,15270,44.4,42.9,38400,45800,74.8,0.3,120,860
"H8Y",9,5.7689,19915,40,39.7,31000,36200,72,0.3,205,1695
"H8Z",11,4.4481,15125,43.6,42.5,32000,36520,72.4,0.2,95,610
"H9A",0,4.5065,15270,42,41.2,34400,45280,74.8,0.3,115,680
"H9B",11,7.1053,21105,42.8,42.5,31000,37800,70.8,0.3,340,1405
"H9C",0,9.2913,11725,44.8,42.1,39600,47280,76.8,0.3,75,330
"H9E",0,13.2161,3190,44.4,41.9,36800,54200,65.2,0.4,0,65
"H9G",11,4.1259,15345,45.2,43.7,34400,41280,69.8,0.3,140,665
"H9H",0,9.0398,25095,45.2,43.8,33200,41640,72.2,0.3,235,1400
"H9J",0,11.1911,21395,44,41.7,36000,45160,75.6,0.3,160,1300
"H9K",0,6.3849,8900,42.4,39.8,37600,45600,83,0.3,90,400
"H9P",11,15.3944,3835,44,42.6,34400,37400,73.6,0.2,15,75
"H9R",0,15.1388,26005,47.2,46.4,37600,43960,72.6,0.3,195,1355
"H9S",0,9.4827,22985,48.4,46.3,37200,48240,67.8,0.3,180,975
"H9W",13,11.0308,19275,44.8,42.3,44000,61550,72.4,0.3,170,975
"H9X",0,23.9345,9740,48.4,45.7,38400,69900,58.2,0.4,125,500
"J0A",11,1320.2669,19150,44.8,43,31800,35720,68,0.3,50,145
"J0B",11,5103.8733,65700,46.4,44.1,32800,37720,65,0.3,110,355
"J0C",11,1080.3758,23445,42,41.5,33200,35320,69.8,0.2,30,115
"J0E",11,2236.4971,51895,49.6,45.7,34000,40080,61,0.3,110,415
"J0G",11,1048.4694,18625,48.8,45.2,31400,35000,66.6,0.2,10,90
"J0H",11,1954.1085,52945,42.4,41.3,34400,36560,71.4,0.2,80,235
"J0J",11,1510.2477,42140,45.2,43.3,34000,37480,68.4,0.2,70,145
"J0K",11,12791.2938,149240,48.4,45.1,31000,34520,65,0.2,215,695
"J0L",7,1274.3479,83315,40,40.1,37600,40000,74.6,0.2,260,670
"J0M",15,7588.2175,25105,25,28.5,32400,38520,74.4,0.3,15,35
"J0N",7,216.8419,52115,40,39.3,37600,40480,75,0.2,35,320
"J0P",7,581.7591,42965,44,42.7,36800,41520,70.8,0.3,60,360
"J0R",4,245.5991,39045,52.4,47.6,37600,44960,63.5,0.3,75,325
"J0S",11,1459.7824,34120,45.6,43.8,32400,35840,66.4,0.3,65,155
"J0T",4,5319.6991,51465,56.4,50,31200,37360,58.7,0.3,25,240
"J0V",4,2377.9266,27295,54,48.3,30400,34880,61.4,0.3,30,110
"J0W",4,9333.9895,16610,56.8,50.2,28800,33040,55.2,0.3,30,20
"J0X",8,22196.4282,48485,50.8,46,32400,36880,63.1,0.3,70,180
"J0Y",5,758980.8299,29035,42,41,36000,40560,74.4,0.3,30,100
"J0Z",5,26583.4089,34455,44.8,42.9,33600,38640,70.6,0.3,35,130
"J1A",18,219.4495,9130,47.6,45.3,31000,33640,65.8,0.2,15,60
"J1C",11,77.1706,6840,43.2,42.7,37200,39280,72.6,0.2,0,40
"J1E",11,18.2747,25865,38.4,40.9,28800,32080,66.8,0.2,145,1345
"J1G",11,11.867,19635,46.4,45.4,31400,35280,63.7,0.3,40,415
"J1H",6,23.8305,29655,35.2,39.8,24600,29640,67.6,0.3,200,1605
"J1J",18,8.268,15450,51.2,48.7,34800,42800,61,0.3,65,420
"J1K",6,7.5532,7435,32.8,39.2,25600,32520,67.8,0.3,105,465
"J1L",18,25.6087,16040,52.4,49.4,31800,37600,58.9,0.3,120,900
"J1M",6,27.9132,5925,40.4,42.3,29800,36440,66.6,0.3,115,420
"J1N",7,80.0132,35085,39.6,39.2,39200,42480,74,0.2,65,495
"J1R",7,72.899,10960,38.8,38,39600,41440,77.6,0.2,10,45
"J1S",11,225.0653,7865,44.4,43.4,34000,36960,70.2,0.2,0,25
"J1T",18,47.1673,7990,54.8,49.7,26800,30840,55.3,0.2,15,40
"J1X",4,333.4512,33945,54,49,32800,39800,62.4,0.3,55,350
"J1Z",7,170.087,5740,39.2,38.2,34800,37320,71.8,0.2,0,0
"J2A",7,95.4163,12265,40,39.1,35600,38080,73.6,0.2,30,150
"J2B",11,97.3022,33110,42,42,30600,34640,68,0.3,120,685
"J2C",18,26.7063,29990,52.4,48.9,30800,35800,64.2,0.3,175,680
"J2E",7,25.2983,4455,42,41.1,33600,35720,72.2,0.2,25,140
"J2G",18,17.6698,28295,52.4,48.5,28000,32080,60.9,0.2,45,490
"J2H",7,55.9278,22475,44.4,42.8,38400,42480,67.6,0.2,55,175
"J2J",11,79.0886,18345,46.4,44.6,32400,35280,66.8,0.2,90,280
"J2K",18,138.8112,18290,48,46,31400,35040,62.9,0.2,50,125
"J2L",7,114.0497,11380,47.6,44.6,43200,55400,68.4,0.3,35,190
"J2M",5,117.9905,7240,47.2,43.6,38400,44200,70,0.3,0,50
"J2N",11,92.1177,10150,40.4,41.2,32800,35320,69.4,0.2,25,55
"J2R",11,104.793,10380,45.6,43.5,36400,38160,69.4,0.2,0,70
"J2S",18,26.3973,29945,47.6,46.7,29400,34280,61.3,0.3,155,1540
"J2T",11,57.6603,17070,45.6,44.8,33600,36920,67.4,0.2,60,435
"J2W",7,50.9989,28760,42,40.6,41600,45360,74.2,0.2,15,185
"J2X",11,58.8232,20485,42,42,35600,39040,70.4,0.2,15,135
"J2Y",16,69.4986,5575,44.4,41.9,38800,41200,72,0.2,0,10
"J3A",4,3.172,9135,61.6,55.2,27600,31280,50.2,0.2,45,225
"J3B",11,44.4399,33910,42.4,42.7,33200,36400,70,0.2,65,365
"J3E",7,48.4921,30045,44.4,41.9,43200,47720,77.2,0.2,40,245
"J3G",7,66.8893,33665,42.4,42.3,40800,44440,72.6,0.2,55,225
"J3H",5,49.4563,26675,45.2,43.1,43200,48640,71,0.3,50,230
"J3L",7,165.1375,53680,40.4,39.6,42000,46520,76.6,0.2,65,540
"J3M",7,63.2314,11345,40,40.2,37600,39080,75.6,0.2,85,115
"J3N",2,35.8423,17055,41.6,39.6,43600,47560,79.2,0.2,25,220
"J3P",18,74.9808,25025,54,49.4,30400,35840,62.2,0.3,15,85
"J3R",18,20.0611,14455,51.2,47.5,31600,37000,64,0.3,30,150
"J3T",18,96.114,8620,52.4,48.7,33600,37040,64.4,0.2,30,50
"J3V",5,42.8486,26050,46,44,46000,55250,70.6,0.3,85,570
"J3X",7,94.7984,21200,42.4,41,43200,47520,76,0.2,0,110
"J3Y",7,57.6043,66360,42,41.5,36800,39720,74.2,0.2,200,1965
"J3Z",2,3.8172,5775,40.4,38.2,42800,47200,82.6,0.2,0,60
"J4B",5,71.0215,41740,48,45.4,45600,53900,71.2,0.3,95,590
"J4G",6,9.1668,10010,44.8,43.9,39200,44600,73,0.3,55,220
"J4H",11,4.4588,15590,46.8,46.4,34800,41440,67.8,0.3,110,750
"J4J",11,6.3844,31100,39.2,40.2,30200,34440,70.2,0.3,230,2575
"J4K",12,5.7447,27025,38,39.7,29800,33280,71.6,0.3,355,2460
"J4L",11,7.3514,31865,40.4,40.7,31000,34000,68.8,0.2,260,2630
"J4M",7,3.902,13145,43.2,41.4,41200,44480,73.6,0.2,20,205
"J4N",18,7.2181,11380,55.6,51.3,43200,53050,66.6,0.3,65,335
"J4P",0,3.5811,11250,48,46.6,39600,54350,71.2,0.4,110,445
"J4R",0,2.7694,10675,45.2,44.9,37600,55000,75.4,0.4,45,415
"J4S",0,2.2234,6305,47.6,45.9,42000,58350,67.4,0.4,55,390
"J4T",11,4.3328,19715,38.8,39.8,31200,33720,71.6,0.2,95,1140
"J4V",11,4.7752,17035,43.6,43.1,32800,37160,70.4,0.3,85,925
"J4W",11,6.0497,18195,43.6,43.4,29800,34760,66.8,0.3,215,1440
"J4X",0,5.3954,19195,52.4,49.3,34800,44280,61.3,0.3,195,1110
"J4Y",19,10.4102,25460,41.2,41.3,35600,42680,73.4,0.3,270,1860
"J4Z",19,23.337,28685,38.8,39.4,32800,38080,75,0.3,295,2085
"J5A",7,106.3982,29920,40,39,40400,42640,78.4,0.2,95,575
"J5B",7,7.6428,8320,42.4,41.2,38000,40800,73.8,0.2,0,105
"J5C",7,9.37,17345,43.6,42.5,38400,40640,77.2,0.2,10,170
"J5J",7,111.2007,18080,37.2,37.5,36000,37480,75.6,0.2,10,65
"J5K",7,92.7051,17740,38,37,39600,42560,76.8,0.2,25,75
"J5L",7,50.3118,22965,40,39.3,38000,40840,73.2,0.2,35,240
"J5M",7,118.2859,24005,34.8,36.3,34000,35680,73.2,0.2,35,120
"J5R",7,60.7439,49405,42.4,40.9,42000,50120,78,0.3,205,1570
"J5T",7,68.2198,14425,40.8,40.4,35200,38120,72.8,0.2,0,100
"J5V",18,62.589,7340,57.6,52.4,26200,31000,55.2,0.3,35,135
"J5W",7,134.9085,26780,40.4,40.1,38000,41440,72.2,0.2,0,135
"J5X",7,56.5656,8895,38.8,39.1,34000,37320,72.6,0.2,0,10
"J5Y",7,9.4043,30080,41.6,39.8,40800,43960,73.2,0.2,60,285
"J5Z",7,39.0665,28005,43.2,41.8,36800,39680,73.8,0.2,40,240
"J6A",11,15.2141,34315,48.8,46.5,36000,40240,64,0.2,80,290
"J6E",18,69.2301,46435,51.2,48,30400,35960,60,0.3,85,535
"J6J",7,12.939,24855,42.8,41.9,33200,36640,70.6,0.2,45,405
"J6K",7,21.366,25960,42.8,42.1,34400,36960,70.8,0.2,95,585
"J6N",11,78.5816,16015,43.6,43.2,34800,38520,68.4,0.3,10,80
"J6R",7,45.9629,14625,39.2,38.1,40000,43200,74.4,0.2,10,185
"J6S",11,96.8242,24765,48.8,46.2,32000,35960,66,0.2,40,90
"J6T",11,11.7367,18025,45.6,44.5,30600,33840,63.1,0.2,0,135
"J6V",7,27.6787,14620,44,42.1,41600,45320,75.8,0.2,30,95
"J6W",7,17.9129,32425,42.8,41.5,36000,40600,73,0.2,60,375
"J6X",7,29.4211,25260,43.6,42.3,38800,41840,74,0.2,35,250
"J6Y",2,39.0259,22925,38.4,36.7,42400,45600,79.6,0.2,35,185
"J6Z",7,10.2674,19630,42,40.5,41200,48160,72.6,0.3,75,275
"J7A",5,10.6839,14190,46,42.9,42400,51080,68.4,0.3,15,110
"J7B",2,6.9008,13065,43.2,39.6,44800,58650,77.2,0.3,25,225
"J7C",7,48.0684,46675,41.6,40.2,40000,44640,75.8,0.2,70,535
"J7E",11,13.5811,29355,44.4,44.4,33600,38080,68.2,0.3,125,390
"J7G",7,10.6651,17310,42,41.1,37600,42640,74.4,0.3,60,230
"J7H",7,12.9074,8185,42.8,41.9,38800,42800,73,0.3,10,130
"J7J",7,93.5204,27640,39.2,38.8,38800,42360,76.8,0.2,40,285
"J7K",7,90.948,36960,40.4,39.8,39600,41880,77,0.2,15,345
"J7L",7,15.9454,14220,40.4,40.2,38400,43040,75.6,0.2,25,125
"J7M",7,39.7182,24705,37.2,36.5,36000,37360,77.2,0.2,40,215
"J7N",7,390.5746,33450,35.6,36.6,38400,40880,77.2,0.2,25,230
"J7P",7,11.4666,25230,44.4,43.1,35200,38680,69.8,0.2,85,325
"J7R",7,65.1247,37990,43.6,42.6,36800,41120,71.6,0.2,55,365
"J7T",7,144.4892,29585,40.8,39.1,41200,46960,78.2,0.3,50,380
"J7V",7,109.2038,69660,42,40.8,38000,41920,75.8,0.2,205,1570
"J7W",7,7.0981,14750,42.4,40.8,38400,41640,76.4,0.2,30,275
"J7X",7,11.6359,5640,38.8,38.8,37200,39200,74.2,0.2,0,0
"J7Y",18,22.7619,27005,48.4,46.6,30200,34080,63.1,0.3,45,345
"J7Z",18,17.1062,30230,47.6,46,28800,32840,62.4,0.2,80,315
"J8A",7,119.502,10665,44.4,42.2,37200,41520,71.4,0.3,25,70
"J8B",4,119.6717,14010,53.6,48.4,33200,40160,62.5,0.3,60,95
"J8C",18,158.4007,11665,55.2,49.5,29000,35040,56.9,0.3,45,95
"J8E",4,254.3644,11045,53.6,48.8,33600,43400,63.4,0.3,20,160
"J8G",4,478.1163,8210,50.8,46.3,30600,35280,64.8,0.3,20,55
"J8H",18,193.6873,15140,51.6,47.6,28800,33680,62.4,0.3,0,40
"J8L",7,593.05,20055,43.6,42.3,36400,39720,68.4,0.2,10,30
"J8M",7,54.4011,13160,36,36.9,38800,40320,76.2,0.2,10,75
"J8N",7,612.097,13830,41.2,40,41600,43520,75.2,0.2,30,135
"J8P",7,27.39,35320,40.8,41,35600,37560,69.2,0.2,140,770
"J8R",7,87.2278,28950,38.8,37.7,44400,45640,76.8,0.2,35,290
"J8T",11,18.0206,37830,47.2,45.1,34800,38440,64.2,0.3,260,1595
"J8V",2,140.4066,27275,41.6,39.8,47600,49720,75.2,0.2,35,390
"J8X",12,5.7692,11785,38.8,44.3,28200,33880,73.4,0.3,205,1220
"J8Y",12,7.8877,23805,42,43.3,32000,36000,68.8,0.3,215,2000
"J8Z",19,8.5367,14815,40.4,40.9,36400,41920,68.4,0.3,145,1325
"J9A",3,14.7303,22505,38.4,38.6,44400,49080,76.4,0.3,205,1410
"J9B",3,112.6504,8000,43.6,40.5,53600,58800,75.8,0.3,45,135
"J9E",18,570.3774,7665,51.2,47.1,27400,32120,60.9,0.3,45,55
"J9H",2,16.2054,32920,40.8,40.7,40800,44280,73,0.2,205,965
"J9J",3,72.4138,41340,34.8,34.2,47200,50120,78.6,0.2,270,2040
"J9L",18,587.4207,14165,48.8,46.1,29800,34240,63.4,0.2,0,10
"J9P",11,3763.974,33010,42.8,42.3,36800,43800,77,0.3,35,390
"J9T",11,430.0445,13225,43.6,43.1,35600,40240,71.8,0.3,20,175
"J9V",4,97.322,3410,52,47.8,34000,39040,65.2,0.3,50,85
"J9X",11,96.8313,22995,44.4,44.4,33200,39240,69.8,0.3,85,405
"J9Y",7,1324.1501,10755,38.8,38.3,42800,46760,79.4,0.2,0,10
"J9Z",18,148.3596,7410,50.4,47.1,30800,36480,68.8,0.3,0,20
"K0A",2,3072.8212,111625,44,42.1,45200,50360,74.2,0.3,145,905
"K0B",5,1223.8974,21020,50.4,46.1,34800,38960,66.8,0.3,30,100
"K0C",5,2470.942,52840,48.4,45.1,36400,40920,67.4,0.3,70,270
"K0E",5,1979.2436,39650,49.6,45.8,35600,40760,65.2,0.3,40,190
"K0G",5,2675.2361,39860,50.4,46,39200,43880,66,0.3,105,255
"K0H",5,5232.2271,47285,51.2,46.7,38400,43880,64,0.3,90,205
"K0J",4,6565.4195,34325,52.4,47.3,34000,40400,59.8,0.3,65,190
"K0K",5,5464.1988,115850,50.8,46.6,34800,40400,63.2,0.3,85,585
"K0L",4,7368.4296,78140,54,48.2,34000,40520,60.6,0.3,140,295
"K0M",4,5512.5103,53815,56.8,50.4,34000,42080,58.7,0.3,115,150
"K1A",14,0.5559,595,72,65,40400,41800,19.5,0.2,0,30
"K1B",2,10.5811,17770,40.4,41.5,38400,44000,70.2,0.3,95,875
"K1C",2,17.6679,37235,46,44.2,46400,50800,67,0.2,230,990
"K1E",2,6.5016,14510,46.8,44.7,44400,46680,65.8,0.2,25,260
"K1G",6,35.6769,35075,38.8,41.6,34800,41680,68.6,0.3,410,2930
"K1H",13,6.8364,16305,44,43.7,44800,55950,66.4,0.3,200,930
"K1J",2,12.6424,28270,41.6,42,38800,46200,64.4,0.3,385,2725
"K1K",6,13.4204,32045,42.4,42.9,33600,41000,65.8,0.3,260,2260
"K1L",12,3.3005,18215,41.2,43.2,32400,40600,67.4,0.3,210,1880
"K1M",13,2.7892,6765,50,47.8,59200,81500,61.6,0.5,190,390
"K1N",10,4.1394,26640,34,39.7,30800,41840,69,0.4,725,2730
"K1P",1,0.4258,645,32.4,35.6,47600,61800,90,0.4,40,55
"K1R",1,3.7073,20345,36,40.3,38800,45800,80.2,0.3,305,1300
"K1S",13,6.3408,31260,39.2,41.3,49200,62850,70.8,0.4,460,2255
"K1T",2,46.4052,40055,36,37.1,37200,43760,76,0.3,495,2965
"K1V",2,34.9793,57160,38,39.5,36400,44480,69.8,0.3,580,4360
"K1W",3,10.0267,13825,37.2,37.6,50800,54000,81.2,0.2,105,490
"K1X",3,35.8594,4595,34.8,34.8,48000,50280,85.2,0.3,80,285
"K1Y",13,5.7765,20710,40,41.5,50800,62650,77.4,0.4,270,685
"K1Z",17,6.621,22715,38.4,40.1,37600,48880,75.2,0.4,235,1565
"K2A",13,5.0035,17155,47.2,45.5,48800,61000,68.8,0.3,215,785
"K2B",6,7.9454,33255,39.6,42.2,32800,39440,66.4,0.3,515,3565
"K2C",6,13.15,29360,38,41.5,35600,40480,72,0.3,480,2425
"K2E",6,10.7391,20170,40,42.7,36000,44440,63.8,0.3,315,2100
"K2G",2,28.2119,50690,40,40.6,39600,47400,73.8,0.3,515,3750
"K2H",2,17.2193,26760,46.4,45.3,42800,48680,67.8,0.3,140,750
"K2J",3,32.134,81865,36.8,36.7,44000,48920,80.6,0.3,880,5620
"K2K",2,15.3888,24925,45.2,43.5,44800,53200,69.8,0.3,425,1675
"K2L",2,6.4717,18740,43.2,42.6,42000,46880,72.2,0.2,135,590
"K2M",3,9.1575,28705,38.4,38.1,48400,53150,80.6,0.2,235,1165
"K2P",1,1.3093,18825,34.4,40.3,38800,49720,78.2,0.4,310,1405
"K2R",13,67.4299,1240,50,45.2,50400,70200,66.4,0.4,0,0
"K2S",3,132.0912,38900,39.6,39.2,50000,55800,78.8,0.2,265,1570
"K2T",2,11.7509,11870,39.2,37.5,48400,55200,82.2,0.3,165,1285
"K2V",3,2.3724,10485,32.4,32.2,46000,50760,85.4,0.2,170,1170
"K2W",2,64.675,8550,39.6,36.9,50800,58000,82.6,0.3,90,470
"K4A",3,32.7591,62125,38.4,37.9,48800,51300,77.2,0.2,460,2085
"K4B",2,161.02,4705,47.2,43.3,45600,49200,67.2,0.3,10,65
"K4C",2,27.9819,4535,48.8,45.1,49600,55950,66.8,0.3,25,40
"K4K",5,54.1,16960,44,42.6,43200,46800,71,0.2,20,175
"K4M",2,54.8823,14380,43.2,41.9,53200,64700,68.6,0.3,120,425
"K4P",2,60.4823,10445,44.4,41.2,52000,58750,76,0.3,25,85
"K4R",2,88.1735,8740,39.6,39.5,48800,51800,76.8,0.2,20,55
"K6A",8,107.9393,12530,54.8,49.4,29400,35520,58.2,0.3,20,155
"K6H",11,75.7605,30440,46,44.7,30400,34840,59.8,0.3,120,685
"K6J",11,25.6513,17825,46.8,45.5,30200,34720,61.1,0.3,55,430
"K6K",7,12.7954,3450,45.2,43.4,36400,40120,64.4,0.2,25,50
"K6T",5,24.7581,690,49.2,45.4,41200,43000,77,0.2,0,0
"K6V",4,232.9388,28175,52,48.3,33200,39200,58.8,0.3,135,440
"K7A",11,354.561,17575,46.8,44.6,34000,38920,64.8,0.3,30,95
"K7C",7,210.6034,20380,44,42.8,41600,46080,72.4,0.3,45,195
"K7G",4,136.9739,8740,54.4,49.5,36400,42520,59.5,0.3,15,70
"K7H",4,621.91,16175,55.6,50,36800,43080,57.8,0.3,35,120
"K7K",11,28.8285,33705,37.2,40.2,31600,38320,68.6,0.3,270,1290
"K7L",6,140.8027,19620,40,43.3,34000,46600,57,0.4,385,1215
"K7M",11,44.1686,49265,44.4,44.8,35600,41720,62.4,0.3,295,2160
"K7N",7,3.9663,8395,41.2,41.5,40400,43240,71.2,0.2,20,65
"K7P",2,29.7964,24660,41.2,41.1,42400,47800,71.4,0.2,170,795
"K7R",4,333.5821,15480,50.4,47.5,34000,38760,61.5,0.3,15,90
"K7S",11,185.3303,14265,48,45.6,37200,42200,66.4,0.3,30,130
"K7V",4,665.4234,13940,52,47.7,33200,38840,63.1,0.3,0,40
"K8A",11,617.5258,26390,45.6,44.6,34400,39480,63.1,0.3,30,130
"K8B",2,4.0215,490,42.4,40,47600,59000,75,0.2,0,0
"K8H",3,151.5124,16185,31.2,33.1,48400,48040,80.4,0.2,35,170
"K8N",11,199.5057,30390,48,45.6,35200,41800,63.1,0.3,100,555
"K8P",11,15.0213,23165,44.4,44.6,30400,35120,62,0.3,45,840
"K8R",5,10.6416,2015,43.6,42.8,38400,40440,66.4,0.2,0,10
"K8V",7,154.0598,28935,43.6,43.3,34000,38440,66.8,0.2,80,120
"K9A",4,179.6388,26755,53.2,48.9,36000,43280,61.2,0.3,65,255
"K9H",11,16.6607,29705,42,43.9,30000,36080,60.8,0.3,115,935
"K9J",11,264.2858,44545,44,44.1,32400,38640,64,0.3,105,960
"K9K",0,10.1592,13360,47.2,45.7,38000,45080,66.4,0.3,40,380
"K9L",5,32.935,7810,43.6,43.4,37200,42400,63.6,0.3,0,80
"K9V",4,253.2121,29370,49.6,47,32400,38160,60.9,0.3,80,215
"L0A",5,663.7273,15325,44,42.4,40800,47960,73.2,0.3,20,65
"L0B",5,496.0309,15500,46.4,43.8,40400,48880,71.6,0.3,0,75
"L0C",5,342.4574,9485,44.8,42.8,40400,48680,74.2,0.3,0,30
"L0E",5,434.5302,21895,46.8,44.2,35600,41720,72.8,0.3,20,125
"L0G",2,623.2527,44945,41.6,40.9,41200,49760,73.8,0.3,100,440
"L0H",0,38.9191,1220,49.2,45.3,36400,54200,65.2,0.4,0,30
"L0J",13,37.0166,4945,46,42.8,47200,89300,64,0.4,25,25
"L0K",4,1721.4541,38385,50.8,46.5,36000,41960,65.4,0.3,10,75
"L0L",5,1058.0793,42020,46.8,43.8,38800,45400,72.4,0.3,100,315
"L0M",7,826.5364,37230,39.6,39.7,38800,41760,75.2,0.2,55,205
"L0N",5,72.7884,2395,48.8,44.1,37200,46520,70.4,0.3,0,0
"L0P",2,235.8533,7775,48,44.3,40800,67300,78,0.3,30,155
"L0R",2,984.5589,83600,40.8,40.5,40400,46640,72.6,0.3,175,1165
"L0S",4,623.7178,60410,53.2,48.3,38000,46400,60.6,0.3,245,980
"L1A",4,200.3166,15845,51.2,47.6,37200,44040,62.2,0.3,20,50
"L1B",5,73.514,13205,46,44.4,40400,47040,69.4,0.3,30,115
"L1C",2,185.8759,50215,37.2,38,41200,45720,77.8,0.2,95,600
"L1E",2,25.9671,28325,39.2,38.8,43600,47880,77.6,0.2,90,360
"L1G",11,19.8828,43495,43.2,43.8,33600,38080,64.6,0.3,255,1590
"L1H",11,57.1599,32300,41.2,42,32000,36240,69.8,0.3,120,785
"L1J",11,23.2312,43110,40.4,41.3,33200,37280,69.4,0.3,140,1015
"L1K",2,14.5586,43570,37.2,37.3,38400,44320,77.4,0.2,255,1065
"L1L",3,30.8847,12975,31.6,32.1,34000,41000,80,0.3,170,1065
"L1M",2,19.11,22540,38,35.9,50000,55900,84.2,0.2,40,440
"L1N",2,35.5046,49650,43.6,43.1,39200,45480,72.2,0.3,245,1355
"L1P",2,26.5078,22925,36.4,35.9,41200,48000,81.2,0.3,110,810
"L1R",2,21.735,42220,39.2,39,41600,49120,79.8,0.3,215,1400
"L1S",2,20.2473,42045,42,42,37200,42960,72.2,0.2,165,1440
"L1T",2,23.1674,52630,37.6,38.3,35200,42560,81,0.2,305,1770
"L1V",2,17.7631,52790,42,41.7,39200,46200,76,0.3,225,1280
"L1W",2,16.757,18435,42.8,42.8,40000,47080,74.8,0.3,60,495
"L1X",2,38.4469,24640,36,37.2,38000,46480,81.2,0.3,140,900
"L1Y",2,119.2188,1975,47.6,43.8,43200,53000,73.8,0.3,0,0
"L1Z",2,23.2281,31990,35.2,34.6,38400,43720,84,0.2,200,1250
"L2A",11,42.5988,17295,49.2,45.9,32000,37080,62.9,0.3,30,315
"L2E",11,12.7042,18590,46.4,45.4,28400,32840,64.6,0.2,140,850
"L2G",11,65.9841,30345,44.8,44.1,30000,32800,65.4,0.3,250,1695
"L2H",11,50.4623,29820,42,41,33200,39120,71.4,0.3,225,1305
"L2J",11,21.3045,14910,50,46.9,34400,40040,61.9,0.3,25,205
"L2M",11,15.7486,33705,46,44.9,32400,37160,64.6,0.3,145,940
"L2N",11,12.8871,30715,52,49,35200,42000,61.4,0.3,95,735
"L2P",11,8.7476,15130,40,41.4,32400,35120,67.6,0.2,65,450
"L2R",11,62.1652,25560,40.4,41.8,30000,36600,67.6,0.3,165,1330
"L2S",11,10.7378,19400,42,42,33200,39760,69.4,0.3,60,580
"L2T",6,10.8682,11400,42,43.8,31200,40360,59.9,0.3,170,870
"L2V",7,23.5948,19795,37.6,39.8,32800,36960,70,0.3,145,825
"L2W",2,0.918,1960,42,40.4,34400,53150,72,0.3,0,30
"L3B",11,124.5739,25870,43.2,43,30800,34880,63.9,0.3,115,560
"L3C",11,23.4021,33465,45.6,44.4,34000,38160,65,0.3,140,810
"L3K",4,122.9781,19460,50.8,47.3,32800,37480,64.6,0.3,45,140
"L3L",14,6.4533,880,51.6,49.4,40800,44100,69,0.4,0,10
"L3M",2,68.7098,28430,44.8,43.5,42000,48320,72.6,0.3,105,460
"L3P",0,43.7598,37335,47.2,44.5,35200,45560,71.6,0.3,340,1415
"L3R",0,19.4291,62060,46.4,44.8,28600,40040,69.4,0.3,910,3465
"L3S",9,15.3115,55400,39.6,40.7,26400,33800,74.4,0.3,550,2895
"L3T",0,24.2116,50405,47.2,45.5,34400,47320,67.4,0.4,815,4075
"L3V",4,320.9005,48650,47.6,45.6,34000,39440,64.4,0.3,220,465
"L3X",2,18.6141,45285,39.2,37.8,37200,45360,83.6,0.3,325,1675
"L3Y",11,48.1146,43555,45.6,44.4,36000,42720,73.2,0.3,255,1400
"L3Z",2,157.2,41075,37.2,37.4,36800,41960,79.8,0.2,140,1115
"L4A",2,228.6984,50390,41.6,40.9,40800,52000,72.2,0.3,295,1165
"L4B",0,15.4284,36080,45.6,44,31400,44840,74.2,0.4,655,2650
"L4C",0,23.7011,74640,46,44.5,30800,42080,71.6,0.3,995,6525
"L4E",2,32.917,54605,40.4,38.4,35200,46600,82.2,0.3,780,3355
"L4G",2,50.0005,62060,42,40.9,39200,53600,74.6,0.3,500,2675
"L4H",2,76.334,77355,37.6,36.8,38800,47480,83.4,0.3,310,2195
"L4J",0,22.3937,75120,45.6,43.6,36800,49320,73.4,0.3,555,3435
"L4K",12,32.8087,20170,37.6,40.4,33200,39640,79.4,0.3,335,1790
"L4L",11,36.3704,55430,48,46.1,36800,48040,71.4,0.3,320,1605
"L4M",19,77.8005,46905,38,40.2,33600,40120,72.4,0.3,345,2505
"L4N",19,55.6162,100835,39.6,40.3,35600,41880,75.8,0.3,230,2600
"L4P",7,67.6291,29860,40.4,40.3,36800,41240,78.6,0.2,80,405
"L4R",4,107.8584,19245,50.4,47.2,31600,37400,61.6,0.3,25,210
"L4S",2,28.7441,36690,43.2,41.2,30600,42400,80.4,0.3,500,2735
"L4T",9,33.7566,38180,34.4,38.2,25800,29400,73.6,0.2,960,6160
"L4V",,2.4291,,,,,,,,,
"L4W",11,19.4499,19745,49.2,46.9,37200,43520,70.6,0.3,90,600
"L4X",9,6.3661,18720,41.2,41,30800,36960,74.6,0.3,195,1275
"L4Y",0,8.1692,23490,45.2,44.1,34400,41400,72,0.3,225,1060
"L4Z",0,9.95,37215,39.6,41,33600,39160,78,0.3,805,3725
"L5A",9,8.242,47405,41.2,41.8,31200,35920,74,0.3,680,4625
"L5B",12,10.399,67130,37.2,40,30600,36680,77.6,0.3,2790,11865
"L5C",0,12.3848,29285,42.8,42.4,32400,40560,72.4,0.3,235,1940
"L5E",0,8.0467,12970,45.2,44,39600,48280,75.4,0.3,80,355
"L5G",0,7.2303,20715,45.2,43.7,40800,60750,74.8,0.4,145,1045
"L5H",13,11.3873,17410,46.4,43.5,45600,69500,71.4,0.4,160,525
"L5J",0,17.8669,28205,43.2,43,39600,53650,74,0.3,235,1065
"L5K",0,6.0875,13365,41.6,41.9,36000,46160,71.8,0.3,140,750
"L5L",0,18.1864,43585,44,43.2,36400,44800,71.6,0.3,470,2050
"L5M",2,24.9887,106470,39.6,39.6,33200,42280,79.6,0.3,2290,11695
"L5N",2,32.8959,83700,40.4,39.7,38000,44080,81.6,0.2,920,5545
"L5R",0,9.3291,37025,42,42.5,31800,37520,75.8,0.3,860,3645
"L5S",,5.9959,,,,,,,,,
"L5T",,11.9677,,,,,,,,,
"L5V",2,11.9662,49150,39.6,40.2,31600,38560,81.2,0.3,655,3090
"L5W",2,15.6487,24145,37.6,37.8,33200,41840,84.8,0.3,295,2070
"L6A",2,61.2069,89290,39.6,38.7,36400,45880,81.8,0.3,760,4480
"L6B",2,33.1034,34760,37.2,36.7,35200,42800,84.2,0.3,395,1725
"L6C",2,52.6077,51735,41.2,39.8,32400,44480,77.6,0.3,1095,3300
"L6E",2,8.2503,38390,39.6,38.8,33200,41640,80.6,0.3,770,2440
"L6G",1,14.2567,8365,35.2,39.6,29400,35440,79.2,0.4,260,1280
"L6H",2,62.5146,72660,40,39.6,39200,52250,79.2,0.3,1190,6785
"L6J",13,18.3881,24420,46.4,43.4,46400,97400,69.4,0.5,295,1875
"L6K",0,6.1044,14115,44.8,44.2,35200,55600,69.6,0.4,135,1085
"L6L",13,17.0665,30010,47.2,44.7,42400,59550,70.8,0.4,435,1320
"L6M",2,34.8703,72545,39.6,37.6,42800,56350,82.2,0.3,1255,7235
"L6P",19,45.794,91155,36,37.3,29000,36160,80,0.2,910,5845
"L6R",19,23.5285,93785,34.8,36.9,28800,33440,78.8,0.2,1515,9520
"L6S",19,41.2511,54360,38.8,40.1,33600,37720,75.4,0.2,630,4530
"L6T",19,19.2571,39615,37.2,39,31000,34040,75.8,0.2,505,4375
"L6V",19,8.6194,42390,37.6,38.9,31600,34840,77.2,0.2,520,4410
"L6W",11,15.3978,23550,40.8,41.4,32400,38640,74,0.3,245,1630
"L6X",19,26.0308,76115,35.6,36.7,32000,37200,81.6,0.2,1130,7695
"L6Y",9,37.934,97600,35.6,38,29800,36040,79,0.3,2010,14095
"L6Z",19,14.4623,33885,38.4,39.5,35200,41080,78.2,0.3,395,2940
"L7A",3,33.6137,104010,33.2,34,32400,37520,84.2,0.2,1355,10875
"L7B",2,180.9839,17810,42,40.1,43200,61650,76.2,0.4,35,285
"L7C",2,293.252,33845,38,38.2,37200,46680,75.4,0.3,240,1420
"L7E",2,135.4397,34520,42.4,40.7,41200,48800,79.4,0.3,65,370
"L7G",2,127.5306,48050,42,40.6,44000,52550,80.4,0.3,100,660
"L7J",2,133.2637,13765,43.6,41.6,40800,45920,78,0.3,15,65
"L7K",2,260.1272,8485,48.4,44.5,39600,50680,70.2,0.3,35,120
"L7L",2,24.6378,47435,42.4,41.5,44800,54050,78.2,0.3,240,1535
"L7M",2,53.8541,48500,41.6,40.7,45200,54650,78.2,0.3,195,1710
"L7N",0,6.5651,13160,48,46,40400,56250,70.4,0.3,55,295
"L7P",2,78.1321,29775,44,43,42800,52650,72.4,0.3,80,680
"L7R",0,5.9362,17335,45.2,45.1,39600,50040,69.4,0.3,150,785
"L7S",0,3.9426,12205,54,50.9,38400,46920,65.6,0.3,45,395
"L7T",0,13.0558,18555,48.8,47,40800,51500,66.6,0.3,120,600
"L8B",2,130.2271,25780,38.4,38.4,45200,51200,79.6,0.3,30,540
"L8E",11,32.8993,41930,41.2,41.4,34400,40440,73.4,0.3,170,1735
"L8G",11,8.8239,21805,50.8,47.8,34800,39520,63.5,0.3,80,360
"L8H",11,15.6287,26185,40,40.7,31800,34680,74.2,0.3,80,580
"L8J",2,71.471,29150,36.8,37.6,38400,42760,78.4,0.3,165,1160
"L8K",11,11.819,32600,42.4,42.9,34000,37600,70.4,0.3,145,950
"L8L",11,13.2307,32310,36.4,38.2,27800,31800,72.4,0.3,130,1390
"L8M",11,3.346,13770,38.4,40.4,30600,35680,73,0.3,65,400
"L8N",12,6.5312,15565,36.8,40.2,28600,33640,73.8,0.3,155,1750
"L8P",12,5.8906,24775,38.8,42.2,32400,41280,71.2,0.4,260,2070
"L8R",12,4.1562,11650,38.4,41.7,26200,32400,72,0.3,195,1195
"L8S",10,17.9287,15785,32.4,39.1,28400,35920,66.8,0.3,370,2355
"L8T",11,6.263,19405,43.6,43.5,35600,39360,67.4,0.3,50,745
"L8V",11,5.5244,21165,44.4,45,32800,35920,68.4,0.2,75,670
"L8W",2,7.052,26080,38.8,39.5,34400,38720,74,0.2,95,815
"L9A",11,7.1852,25900,40.4,41.6,33200,37480,71.8,0.3,175,1305
"L9B",2,13.6175,25025,42.8,42.4,36800,42360,71.4,0.3,105,595
"L9C",11,12.6266,41200,41.2,42.2,34400,39760,69.8,0.3,220,2495
"L9E",3,118.7335,16930,32.4,31.6,39200,43440,82.4,0.3,250,2045
"L9G",2,80.625,25020,44.8,43.1,46800,57750,67.4,0.3,95,645
"L9H",0,62.01,31220,49.6,46.7,42800,52550,67.4,0.3,125,500
"L9J",3,27.2468,2275,36.8,40.8,35600,37760,73.6,0.2,0,130
"L9K",2,7.5933,15925,39.6,39.5,39200,51700,71.6,0.3,215,1040
"L9L",0,236.5082,14620,50.4,46.8,40000,47720,65.8,0.3,15,180
"L9M",4,242.9891,16610,53.2,48.7,33200,39840,59.6,0.3,20,30
"L9N",2,69.0495,21660,38,38.1,37200,44120,80.4,0.3,130,730
"L9P",0,218.119,17380,47.2,44.2,41600,55300,75,0.3,50,125
"L9R",7,103.0616,25950,40.8,41.5,38800,42720,69.2,0.2,65,365
"L9S",7,119.0325,33435,42,41.3,36400,42520,75.4,0.3,95,425
"L9T",2,82.9492,110955,36.4,35.3,40800,46720,83.4,0.2,1150,7015
"L9V",7,818.77,17750,40,39.9,38000,44080,76.6,0.3,50,180
"L9W",2,683.4793,48790,40.4,40.4,39600,46080,77.2,0.3,130,675
"L9X",2,238.2282,12895,42.8,40.4,44000,55650,74.8,0.3,0,60
"L9Y",4,186.0677,28925,52,48.2,36400,48440,59.9,0.3,35,420
"L9Z",4,57.4219,24850,56.4,50.4,32000,37880,57.8,0.3,35,205
"M1B",9,35.3539,65555,39.6,40.8,28800,32760,73.2,0.2,590,4545
"M1C",0,13.8604,35645,44.4,43.3,38000,44960,73.4,0.3,260,1630
"M1E",9,15.8104,48035,41.2,41.7,30200,35680,69.4,0.3,410,3165
"M1G",9,8.9669,30895,36.8,39.2,25200,30080,68.6,0.3,555,3495
"M1H",9,4.4976,23960,38.4,40.8,28600,33080,74.4,0.3,530,2960
"M1J",9,6.56,37005,37.6,39.1,28000,31920,70.2,0.3,375,3925
"M1K",9,8.7101,48175,40.4,40.8,28000,32360,71.6,0.3,635,4235
"M1L",9,8.3321,35830,38.8,39.6,28800,34800,75.8,0.3,480,3460
"M1M",0,9.2167,23260,44.4,43,32000,41480,71.4,0.3,205,1475
"M1N",0,5.9616,22975,44.8,43.2,38800,51550,75.2,0.3,160,830
"M1P",9,11.1723,45170,39.6,41.5,28400,33160,72.8,0.3,720,4255
"M1R",9,10.2393,30470,41.2,41.8,29600,34480,72.6,0.3,305,2830
"M1S",9,12.9636,37660,44.4,44.7,26400,32680,70,0.3,525,3480
"M1T",9,6.1233,34605,44.8,44.8,26800,33360,66.4,0.3,470,3030
"M1V",9,14.2525,50825,45.6,44.7,24000,29920,66.4,0.3,590,3120
"M1W",9,8.3863,47070,48,46,27000,33680,66.4,0.3,655,3640
"M1X",9,7.0091,14810,38.4,39.4,29000,34040,79,0.2,120,660
"M2H",0,7.6546,23395,48,46.4,29800,39120,64.4,0.3,365,2175
"M2J",12,10.1063,61760,38.4,40.9,30200,37120,73.4,0.3,1470,9835
"M2K",1,5.68,25375,40.4,43.7,36000,44800,70.4,0.4,705,3610
"M2L",13,6.1199,11275,46.4,44,40800,120700,42.9,0.5,220,765
"M2M",9,7.5823,31915,44.4,45.1,28600,37840,67.8,0.3,745,4145
"M2N",1,9.5924,75100,38,41.3,33200,44240,75,0.4,2595,11685
"M2P",13,2.868,7545,47.2,44.3,44000,72900,64,0.5,115,675
"M2R",9,7.0468,40580,44.4,44.1,28200,35480,70,0.3,510,4145
"M3A",9,7.437,34365,40.8,41.1,32000,40040,73.8,0.3,480,3150
"M3B",13,7.1507,12880,49.2,45.9,44400,77000,57.4,0.4,240,730
"M3C",9,8.3416,39620,40.4,41.7,29400,37560,68.6,0.3,525,4550
"M3H",0,11.0528,38420,40.8,40.9,34400,48080,74.2,0.4,310,2715
"M3J",9,13.0563,26600,36,39.3,27200,30840,75.2,0.3,395,3805
"M3K",19,6.3491,7865,38.8,40.3,33600,39320,78,0.3,70,845
"M3L",9,5.7104,19265,40.4,40.8,27600,31640,72,0.2,160,1670
"M3M",9,5.0881,24910,41.2,41.4,30400,34000,74.2,0.3,205,1730
"M3N",9,6.6508,40845,38,39.1,25000,28000,67.2,0.3,305,2935
"M4A",9,4.4758,14590,44,44.1,29800,36800,70.4,0.3,85,995
"M4B",0,4.9089,18610,43.2,42.4,32800,42040,73.8,0.3,170,1220
"M4C",17,5.0113,46440,40,40.1,34800,43320,79.4,0.3,535,3830
"M4E",17,3.769,25470,42.8,41.3,48800,68500,82.2,0.4,110,875
"M4G",13,7.1324,19600,44.4,42.6,53200,85600,76.4,0.4,165,930
"M4H",9,1.0874,18695,34,35.6,22800,27360,63.2,0.3,405,2340
"M4J",17,5.325,35130,42,41.5,38400,50360,80.8,0.3,190,1330
"M4K",17,4.3905,30915,43.2,42.9,39600,56900,78.8,0.4,140,1240
"M4L",17,4.3573,32215,40.8,40,44400,57800,81.8,0.4,175,1025
"M4M",17,9.1644,25055,38.8,40.4,42000,55200,84.6,0.4,200,1020
"M4N",13,4.8658,16055,46.8,45.2,54000,147400,56.6,0.6,175,915
"M4P",1,1.441,25060,36.8,40.2,38800,50440,79.6,0.4,665,4310
"M4R",13,1.8541,11910,40.4,40.9,48400,80100,78.2,0.5,140,920
"M4S",1,3.079,30750,38,40.9,45200,59050,81,0.4,820,4585
"M4T",13,1.6713,10330,46.8,46.1,55600,128600,69.8,0.5,110,695
"M4V",13,2.7339,19275,45.2,46.3,50400,104900,64.6,0.6,290,1245
"M4W",13,4.4645,15295,44.8,45.4,51200,134000,71,0.6,300,1485
"M4X",9,1.1465,19895,39.2,40.7,28000,37040,75.2,0.4,430,2920
"M4Y",1,1.0366,36320,33.2,38.6,34400,43160,80,0.4,1345,6520
"M5A",1,3.7157,48975,36.4,39.6,35200,46880,82,0.4,805,4300
"M5B",1,0.5576,17425,31.4,36.7,29400,39440,81.2,0.4,685,3195
"M5C",1,0.2219,3150,36.4,40.3,49200,56950,85.2,0.4,75,260
"M5E",1,0.4951,11780,34.4,39.8,51200,65100,85.4,0.4,470,1780
"M5G",1,0.7095,9755,30.8,34.2,33200,42400,82.6,0.4,655,2275
"M5H",1,0.4726,3245,31.4,35.2,44000,68700,83.4,0.5,325,755
"M5J",1,4.1369,16880,33.6,39.1,48000,59900,82.4,0.4,685,3235
"M5M",13,5.1585,25495,43.2,40.7,53600,85100,73.6,0.4,220,1210
"M5N",13,2.754,16155,41.6,41.5,43600,82800,68.6,0.5,325,1185
"M5P",13,3.3673,19790,43.2,44.4,47600,82500,62.4,0.5,185,1575
"M5R",13,2.8276,26200,42,45.5,44000,83500,66,0.5,435,1965
"M5S",10,1.8915,17075,33.2,40,33600,51850,66,0.5,680,2685
"M5T",10,1.4718,17900,36,41.7,25800,42520,78.4,0.4,380,1870
"M5V",1,3.8341,59910,32,34.6,48400,56750,90,0.4,2510,9135
"M6A",9,5.5599,22380,37.6,39.7,31000,41360,71.6,0.3,230,1955
"M6B",0,5.3266,28535,42,42.4,33600,46440,72.4,0.4,325,2120
"M6C",17,2.9792,23995,40.4,41.3,39200,57700,76.2,0.4,160,1250
"M6E",9,5.0027,37685,40.8,41.9,31800,38080,78.4,0.3,365,2580
"M6G",17,3.8615,30600,39.6,43,37200,54050,79.8,0.4,270,1550
"M6H",17,4.6523,43730,38.4,41,34800,42840,80.6,0.3,410,2535
"M6J",17,2.9426,32115,36.8,40.3,39200,51750,82.6,0.4,415,2090
"M6K",1,2.7728,42110,35.6,39.6,35600,43240,86,0.3,800,3725
"M6L",9,4.7863,20155,42.4,42.6,29200,35600,69,0.3,90,975
"M6M",9,8.096,42150,40,40.6,29400,33800,74.4,0.3,330,2465
"M6N",9,8.3243,40250,40.8,41.4,30200,36080,75.6,0.3,265,2130
"M6P",17,4.1581,39870,39.2,40.8,41200,51080,81.2,0.3,350,2045
"M6R",17,2.3243,19350,39.2,39.9,46000,61800,83.4,0.4,125,750
"M6S",17,8.01,34025,41.6,41.2,48000,66300,78.4,0.4,225,1405
"M8V",17,7.0416,44145,40,42.3,38800,49080,77.4,0.3,635,3710
"M8W",17,6.9498,22380,41.6,42,39600,47560,80.6,0.3,120,1200
"M8X",13,2.8732,10620,50.8,47.8,55600,92600,68,0.4,85,350
"M8Y",17,4.8899,21990,40.8,41.4,41200,53650,80.8,0.4,215,1115
"M8Z",17,8.7727,19315,40.4,41.3,44400,55250,82,0.3,100,850
"M9A",0,10.0741,36640,43.2,43.8,39600,62300,67.6,0.4,535,3025
"M9B",0,13.3122,33235,42,42,40800,52300,76.8,0.3,385,1835
"M9C",0,14.1886,38725,45.6,44.9,37600,45040,72.8,0.3,290,1855
"M9L",9,7.9409,11740,41.6,42.3,26800,31680,69.8,0.3,115,915
"M9M",19,6.3964,24245,38,39.2,29000,32800,74.8,0.3,190,1905
"M9N",9,5.1476,26055,39.6,40.2,30400,35600,75,0.3,220,1725
"M9P",0,6.7153,20645,45.2,44.6,35600,65700,72.2,0.3,130,900
"M9R",9,6.5681,33785,40.8,41.7,31400,37400,68.6,0.3,385,2180
"M9V",9,15.5433,53880,37.2,39.2,26200,30000,71.6,0.2,660,6075
"M9W",9,27.3161,40980,38.8,40.7,29800,33720,74.2,0.3,365,3250
"N0A",5,1035.2298,31955,50.8,46.4,36800,41760,64.2,0.3,45,90
"N0B",2,2106.5526,86920,42.8,41.3,42400,50680,72.8,0.3,245,730
"N0C",7,1296.4427,17540,43.6,42.2,34000,39800,66.6,0.3,25,165
"N0E",5,1365.0123,36560,46,43.6,36400,42160,67.2,0.3,50,270
"N0G",5,5612.6402,86935,40.8,41.1,34800,40120,70.2,0.3,120,630
"N0H",4,3239.6509,53675,52.8,47.6,36400,47160,61.3,0.3,230,485
"N0J",5,1494.4442,33460,38.4,38.8,37200,41480,72,0.3,115,255
"N0K",5,1499.13,24820,38.4,39.7,37200,41160,70.8,0.3,60,240
"N0L",5,2069.842,49815,44,42.3,39600,44600,71.8,0.3,140,345
"N0M",5,3593.2568,69180,46,43.9,38400,43600,67.4,0.3,105,360
"N0N",5,1576.4634,42295,45.2,43.5,40000,47400,68,0.3,160,420
"N0P",5,2849.2033,53140,46,43.7,34800,42720,62,0.3,190,530
"N0R",2,784.0921,50205,43.2,41.6,41200,46480,73.6,0.3,40,460
"N1A",11,225.1076,12615,47.2,44.5,33200,38120,65,0.3,15,30
"N1C",2,4.7041,3675,43.6,40.5,48000,58500,77.2,0.3,0,45
"N1E",19,39.2619,44800,38.4,39.7,40000,44160,76.6,0.3,150,1235
"N1G",2,22.8294,29685,37.6,40.7,36800,44600,69,0.3,305,1870
"N1H",11,131.6029,42180,41.2,42.3,36000,42720,73,0.3,300,2210
"N1K",19,4.1746,10905,38.4,39,38000,41200,80.6,0.2,95,570
"N1L",2,12.271,17475,34.8,36.8,40000,48600,79,0.3,175,1200
"N1M",7,88.7683,18500,42.4,42.3,40000,44080,72.6,0.2,30,150
"N1P",2,2.2739,7990,36,35.7,39200,43720,83.6,0.2,55,165
"N1R",11,182.1589,42930,40.8,41.9,33200,37960,71.2,0.3,175,1560
"N1S",5,9.8775,20170,42.8,42.5,38400,44720,74,0.3,40,375
"N1T",2,15.225,18515,37.2,37.5,37200,44360,80.8,0.3,115,875
"N2A",19,13.6052,32450,39.2,39.9,37200,43160,75,0.3,235,1800
"N2B",11,7.6676,16940,42.8,42.8,36000,40320,74.2,0.3,60,620
"N2C",12,13.2857,17680,36.8,40.3,30000,34480,70.8,0.3,240,2585
"N2E",19,12.6935,40430,36.4,37.7,35600,37840,79,0.2,205,2920
"N2G",12,5.679,14580,38,42.2,31800,38160,73.6,0.3,140,1295
"N2H",11,11.3629,22455,38.4,41.1,35600,41600,75.2,0.3,185,1300
"N2J",6,38.2888,20895,36.8,41.7,32800,42040,70.6,0.3,430,2455
"N2K",2,20.4743,29380,40.4,39.8,43200,53000,78,0.3,375,1180
"N2L",10,15.7746,37955,29.8,37.4,28400,38480,69.4,0.4,1395,7495
"N2M",12,10.3077,36490,36.4,39.2,33600,38720,72.4,0.3,435,3565
"N2N",19,10.2024,26595,39.2,39.9,38000,42880,76.2,0.2,150,1315
"N2P",2,19.3575,25040,36,37,38400,48240,76.4,0.3,295,2380
"N2R",3,26.9683,18445,32.8,32.3,40000,44920,84.4,0.2,185,1670
"N2T",2,7.1546,20630,41.2,40.2,42000,52750,76.2,0.3,160,895
"N2V",2,19.0718,19430,38,37.9,40000,50760,82,0.3,275,1600
"N2Z",0,283.6428,12340,46.8,44.9,42000,51500,65,0.3,45,150
"N3A",2,196.8159,17045,41.6,41.5,43600,48840,71,0.2,20,115
"N3B",2,56.0565,13190,38.4,39.5,42000,46560,75,0.3,35,175
"N3C",2,56.6023,27520,38.8,38.7,41200,46200,80,0.2,85,680
"N3E",3,14.2872,2805,30.8,30.7,38400,45600,80.6,0.3,75,330
"N3H",11,26.3894,24305,40.8,41.9,34400,38680,73.8,0.3,285,1440
"N3L",7,136.6595,17680,42,42.1,39200,45160,74.6,0.3,40,185
"N3P",11,7.4808,8540,39.6,40.3,35600,38320,73.6,0.2,35,115
"N3R",11,16.4913,35860,45.6,44.5,35600,39840,67.2,0.2,45,420
"N3S",11,21.1132,27525,39.2,40.3,31400,34880,72,0.2,55,635
"N3T",19,245.8371,37405,38.8,39.6,34800,41160,73.4,0.3,255,1455
"N3V",7,0.6066,1565,44.8,43.2,39600,41900,70.8,0.2,0,0
"N3W",2,191.854,15805,38.4,38.9,41600,45360,76,0.2,20,215
"N3Y",4,392.1731,23400,49.2,46.1,34400,39840,61.8,0.3,55,280
"N4B",5,141.7672,8220,44.4,43.6,34400,38000,65.4,0.3,0,35
"N4G",4,130.0817,21520,47.6,45.8,34400,38920,61.5,0.3,35,160
"N4K",4,356.4141,28975,49.2,46.4,32400,38920,62.8,0.3,50,295
"N4L",4,288.4458,8335,54.4,49.1,33200,41080,59.6,0.3,0,75
"N4N",4,141.6356,10340,49.6,46.6,33200,38400,63.1,0.3,0,55
"N4S",7,294.6386,33055,42.8,42.6,36000,39200,70.8,0.3,60,365
"N4T",7,28.6033,15160,38.4,39.1,38400,43760,70.8,0.3,70,420
"N4V",0,2.048,3480,41.2,43.7,37200,41040,67.4,0.2,0,55
"N4W",5,271.1048,13310,38,39.8,36000,39080,68.8,0.3,40,325
"N4X",11,293.345,9950,47.6,45,38400,43120,69.2,0.3,15,100
"N4Z",7,5.8774,2360,40.8,40.7,38800,44760,72.6,0.2,10,20
"N5A",11,161.2882,32900,46.4,45.1,36400,41560,66.6,0.3,140,640
"N5C",7,126.2413,15720,41.2,41,38000,41840,73.8,0.3,0,80
"N5H",5,283.723,15625,37.6,39.1,33200,37760,69.2,0.3,80,270
"N5L",4,66.2917,3710,57.6,51.5,39200,47040,56.9,0.3,20,25
"N5P",7,293.7813,21085,42.8,42,35200,39320,70.6,0.3,35,165
"N5R",11,29.3801,30680,44.8,43.6,36000,39320,67.2,0.2,90,305
"N5V",19,38.3675,32960,36.4,38.8,31200,33920,71.8,0.2,345,2385
"N5W",11,17.5688,24740,40.4,41.9,31200,34320,70.8,0.3,200,1255
"N5X",2,11.7911,36965,40.4,40.7,40000,46440,70.2,0.3,415,2915
"N5Y",12,11.9884,35930,35.6,38.4,28600,33560,68.6,0.3,545,4405
"N5Z",11,10.2388,24065,40,40.6,31000,33400,70,0.3,120,940
"N6A",10,6.0614,13810,34,41.4,30600,43160,66.2,0.4,330,1410
"N6B",12,2.9296,11100,38,42.2,26800,32600,70.6,0.3,195,845
"N6C",11,13.4371,30625,41.6,42.4,36800,42520,70.4,0.3,235,1315
"N6E",19,15.4174,28140,38,39.2,31000,33520,68.8,0.3,265,1830
"N6G",2,47.7933,50940,36.4,38.4,36000,44800,68.6,0.3,790,4625
"N6H",6,33.763,44215,38.8,41.9,32400,40240,66.8,0.3,795,5350
"N6J",11,9.4009,27500,43.6,44.2,32800,37640,64.8,0.3,135,1315
"N6K",2,34.3123,37595,44.4,43.7,41600,50840,64,0.3,190,1405
"N6L",3,31.5686,5170,34.4,35.6,34800,39480,75.6,0.3,75,455
"N6M",3,41.6825,8545,35.2,35.6,38000,40680,79.2,0.2,45,505
"N6N",5,67.5277,725,49.2,45.9,39200,44000,61.2,0.3,0,0
"N6P",2,164.9351,10945,40.8,40.3,44800,53300,73,0.3,45,180
"N7A",4,253.3853,12495,55.2,49.3,34800,41360,60.1,0.3,20,110
"N7G",11,220.6681,19925,44.4,43.6,36000,40760,69.6,0.2,15,190
"N7L",11,25.7538,25130,47.2,45.4,32400,37320,63.3,0.3,30,335
"N7M",11,325.6238,25580,44,43.2,32800,38760,64.6,0.3,70,355
"N7S",5,16.0133,28410,42.4,42.7,38400,46320,69.4,0.3,175,950
"N7T",11,101.9124,26035,44.4,44.2,29600,36160,61.6,0.3,95,725
"N7V",11,7.5841,11615,51.6,48.1,40000,47360,59,0.3,50,145
"N7W",4,36.1951,2580,66.5,59.1,38800,46320,50.2,0.3,0,0
"N7X",13,7.1848,1125,54.8,49,55200,68800,59.6,0.3,0,0
"N8A",11,358.8804,12625,48,45,30400,34880,63.9,0.3,25,60
"N8H",11,154.9092,27530,41.6,42.1,32400,38360,64.4,0.3,440,1715
"N8M",5,120.0186,11820,44.8,42.9,38000,42120,72.2,0.3,0,10
"N8N",5,49.2695,24530,47.6,44.8,42400,50720,67.2,0.3,85,310
"N8P",2,5.7709,14605,46,44.3,39200,45760,67.8,0.3,80,440
"N8R",11,5.8025,12735,40.8,40.7,34000,37360,68.8,0.2,20,600
"N8S",11,9.0567,22355,46.8,45.4,36800,40760,64.2,0.3,100,565
"N8T",11,11.3662,17935,42.4,42.1,30200,33520,62.3,0.3,55,995
"N8W",11,16.6972,24055,41.6,41.4,34800,37880,71,0.2,70,640
"N8X",11,8.2375,16460,39.2,40.5,28800,32600,67.6,0.3,135,1165
"N8Y",11,7.9544,19255,42.8,43,32400,38040,63.4,0.3,100,740
"N9A",9,6.0556,26105,38.8,41.2,23000,28040,61.2,0.3,405,3105
"N9B",9,7.2011,19615,30.2,36.1,23200,29560,66.8,0.3,755,3520
"N9C",9,8.7536,12540,32.8,37.4,25400,29520,65.2,0.3,250,1720
"N9E",0,15.1767,21465,42.4,41.7,36800,45880,68,0.3,235,1175
"N9G",0,9.9407,20710,40.8,40.6,35200,44720,72.6,0.3,320,1310
"N9H",0,24.3842,13175,46,44.1,41600,52350,70.4,0.3,85,455
"N9J",2,49.31,20090,43.6,41.2,43600,53150,76,0.3,40,340
"N9K",2,8.5232,2755,42.8,40,41600,51800,79.6,0.3,0,20
"N9V",5,137.9016,21690,45.6,43.5,40000,47560,67.6,0.3,25,155
"N9Y",5,76.6327,15835,47.2,45.1,38000,43440,65,0.3,0,280
"P0A",4,4150.6682,17820,56.8,50.3,31200,36720,55.8,0.3,35,75
"P0B",4,869.5903,9590,53.2,47.7,37600,46080,61.8,0.3,50,50
"P0C",4,873.0947,4825,56.8,49.9,36000,50080,51.6,0.4,0,50
"P0E",4,367.6774,3610,54.4,48.7,35200,40480,64.8,0.3,0,10
"P0G",4,788.8151,3555,58,51,34000,42920,54.2,0.3,25,20
"P0H",5,18206.2677,31905,50.8,46.4,34800,40640,65.4,0.3,45,55
"P0J",5,8531.4233,20180,47.6,44.9,33200,39360,67.4,0.3,50,50
"P0K",5,14618.404,11455,49.2,45.3,35600,41920,67.6,0.3,10,20
"P0L",5,126824.8916,22855,42,41.2,34800,39640,70.4,0.3,25,210
"P0M",5,63926.0532,49725,46.8,44.3,39200,43520,70.6,0.3,25,270
"P0N",2,1654.6428,9435,40,40.3,39600,44160,74.8,0.3,0,40
"P0P",5,4663.9828,20285,50.8,46,30200,35520,59.8,0.3,35,75
"P0R",4,9014.5396,12975,54.8,48.4,32000,37520,57.2,0.3,10,50
"P0S",5,13260.6608,10170,50,45.2,37600,41920,68.2,0.3,15,40
"P0T",5,94591.9474,32000,45.6,43,35200,40680,66.8,0.3,30,260
"P0V",15,374847.0227,22940,30.8,33.7,30200,35880,69.6,0.4,30,160
"P0W",5,14646.5332,6455,42.8,41.3,34400,39440,69,0.3,10,20
"P0X",0,18785.2943,8410,43.6,42.3,35600,40160,64.8,0.4,0,50
"P0Y",,78.8305,95,66.5,65.5,,,,,0,0
"P1A",11,18.5185,16960,44.8,43.9,34800,39600,62.6,0.3,10,130
"P1B",11,547.3026,33115,44.4,44.1,32000,38200,65.2,0.3,160,565
"P1C",2,5.9895,3370,42.8,40.9,53200,61000,71.2,0.3,0,50
"P1H",4,815.5869,18100,51.2,47.4,34000,42560,61.4,0.3,40,200
"P1L",4,680.4089,17985,51.2,47.5,36000,42560,65,0.3,30,160
"P1P",4,379.3228,11085,54,49.5,32400,39760,56.4,0.3,0,65
"P2A",4,903.3394,14695,54,49.1,34400,41440,59.8,0.3,35,160
"P2B",4,65.588,9755,50.4,47,32400,38120,59.6,0.3,10,35
"P2N",11,21.9581,6940,45.2,44.4,32400,39720,69.6,0.3,10,125
"P3A",11,46.7649,24325,45.2,44.6,38000,42200,65.6,0.3,115,805
"P3B",11,21.2363,16435,40.4,41.2,34000,39440,68.8,0.3,85,955
"P3C",11,10.8105,17600,38,40.7,28400,32880,67.4,0.3,190,1340
"P3E",0,1096.0516,29130,46,45.1,41200,50200,64.6,0.3,140,1015
"P3G",2,266.1714,4165,46.4,43.6,48400,59150,69.6,0.3,0,35
"P3L",2,128.8018,7995,41.2,40.5,42800,46400,75.4,0.2,0,55
"P3N",2,115.8818,7980,43.2,42.5,42400,46480,74.8,0.2,0,40
"P3P",2,492.1684,15410,42,40.9,43200,47080,76.6,0.2,0,45
"P3Y",2,113.4003,7760,44,43,46000,50440,72.8,0.2,0,0
"P4N",11,292.012,24095,42.8,42.7,35200,41760,72,0.3,60,655
"P4P",2,80.4413,3230,41.2,39.5,43200,48440,74.6,0.3,0,15
"P4R",2,928.2296,4795,43.6,41.8,44000,49640,77,0.3,0,10
"P5A",4,696.0556,11370,60.4,53.4,26800,32680,46.8,0.3,10,10
"P5E",11,81.003,5430,49.2,46.2,36800,41120,62.8,0.3,0,35
"P5N",11,83.9821,8260,48.4,45.4,35200,40120,64.6,0.3,20,75
"P6A",11,537.2735,33800,47.2,45.1,36400,42440,63.3,0.3,130,590
"P6B",11,20.7203,22755,48,46.4,34000,39560,62.3,0.3,240,755
"P6C",11,32.2818,18765,46.4,44.5,34000,37920,66.2,0.2,10,90
"P7A",11,4089.2115,28585,47.2,45.5,37600,42200,65.8,0.3,80,415
"P7B",6,13.7363,22675,40.8,42.8,33600,40080,65,0.3,225,1375
"P7C",11,40.6583,21695,42.4,43.1,34800,38640,65.2,0.3,140,805
"P7E",11,12.9523,20895,44.4,44.1,35600,38520,65.6,0.3,100,510
"P7G",2,4037.979,13240,44.8,42.5,45200,50360,69.8,0.2,15,125
"P7J",2,173.3003,4860,44.8,42,43600,47520,69.2,0.3,0,10
"P7K",2,108.4952,6800,49.2,45.2,45200,50840,67.6,0.3,20,30
"P7L",5,873.7825,2190,48.8,44.8,42000,42680,69.8,0.2,0,0
"P8N",11,563.9007,9620,48,45.2,38800,42840,67.6,0.3,15,120
"P8T",7,207.6624,5540,37.2,38.7,45600,47080,76,0.3,15,125
"P9A",11,378.0704,10080,44.8,43.3,40000,43600,68.4,0.3,25,90
"P9N",11,272.5851,14085,43.6,43.1,39600,43320,69.4,0.3,30,135
"R0A",5,6746.509,43240,33.6,35.3,33200,36960,76,0.3,75,720
"R0B",15,365302.9907,42205,24.8,29.3,21200,28640,68.6,0.3,10,35
"R0C",5,39343.0403,56940,42.4,41.4,31200,36320,67.6,0.3,95,395
"R0E",5,13766.1928,39575,47.6,44.3,34000,38760,65.2,0.3,25,125
"R0G",5,9685.8031,43710,38,38.9,34400,39120,71.8,0.3,145,850
"R0H",5,7211.6618,17905,33.2,35.5,28800,33800,69,0.3,0,90
"R0J",5,13598.1612,29050,42.8,42.5,31400,35000,67.2,0.3,270,1615
"R0K",5,12815.9876,28080,40,41,35600,38440,70,0.3,30,265
"R0L",5,52618.0229,26270,42.4,41.7,28000,32640,63.5,0.3,40,265
"R0M",5,11233.3874,19450,41.2,41.7,33200,37280,68.6,0.3,65,325
"R1A",5,433.1044,21475,45.2,43.5,36000,42040,72,0.3,45,260
"R1B",4,1.256,280,66.5,60.6,37600,41200,50,0.2,0,0
"R1C",16,40.376,3940,46,42.4,40000,43280,74.6,0.3,0,0
"R1N",5,788.6573,16640,40,40.9,33200,37160,69,0.3,50,535
"R2C",19,24.4137,32815,39.2,39.6,36800,38880,77.2,0.2,130,710
"R2E",2,41.7904,9510,46.8,43.5,46400,61050,70.8,0.3,15,55
"R2G",11,16.1239,33875,45.6,45.1,35200,39840,68,0.3,145,1140
"R2H",6,5.7802,16135,42,43.9,34000,38960,71.4,0.3,125,790
"R2J",11,29.1737,26960,41.2,41.4,37200,41040,71.2,0.3,165,1215
"R2K",19,11.4261,34345,38.4,39.8,32800,35320,74,0.2,380,2640
"R2L",19,5.0897,15255,35.6,36.8,29400,31400,75.6,0.2,65,715
"R2M",19,14.5297,38980,40.4,41.8,33600,38480,70,0.3,430,3160
"R2N",2,38.4087,31385,44.4,43.1,39600,44720,73.2,0.3,240,1360
"R2P",19,16.9852,35215,35.2,37.7,29000,32080,74.8,0.2,385,5225
"R2R",19,17.329,25595,35.6,36.8,31400,33440,79.8,0.2,200,2460
"R2V",19,19.3367,38200,40,40.7,34400,37240,75.6,0.2,245,2155
"R2W",19,7.2207,29480,36,37.2,25400,28040,69.8,0.3,85,1095
"R2X",19,9.227,19675,38,38.3,30000,30960,78.2,0.2,45,1055
"R2Y",11,24.3418,19850,42,42.6,36400,39240,71.8,0.2,30,490
"R3A",9,1.2667,5155,30.6,32.9,20600,23380,63.8,0.3,125,870
"R3B",10,2.3016,12545,37.2,39.5,22400,30680,73.2,0.3,240,1665
"R3C",10,143.5857,16800,34.8,38.9,25000,30040,73.2,0.3,355,2460
"R3E",19,6.8929,19010,37.6,38.7,27600,28920,75.2,0.2,110,1015
"R3G",19,6.8919,25200,36.8,38.1,31000,35240,78,0.3,90,1195
"R3H",,11.4989,115,39.2,37.2,,,,,0,0
"R3J",6,13.1924,28340,41.6,42.8,36000,40520,72.8,0.2,150,1095
"R3K",11,5.7966,12430,48.8,46.4,38400,44280,68.4,0.3,10,260
"R3L",12,5.113,20725,36.4,41,32800,37720,76.6,0.3,210,1430
"R3M",19,7.2201,22200,41.2,42.6,36800,46840,71.2,0.3,215,1445
"R3N",2,8.4898,16590,41.6,41.8,41600,51600,69.8,0.3,215,825
"R3P",0,18.7201,20615,49.6,48,42400,64500,62.5,0.4,195,1405
"R3R",2,15.8162,25745,45.2,43.9,41600,47520,70.4,0.3,120,800
"R3S",13,26.3222,605,41.2,38.4,41600,154500,54,0.5,0,0
"R3T",9,24.4294,50190,33.6,38.3,27800,35360,71.2,0.3,1310,10590
"R3V",11,27.5055,6415,40.4,41.5,35600,38440,70.8,0.3,30,350
"R3W",19,6.5506,16170,36.8,37.7,36800,40440,79.4,0.2,190,1230
"R3X",3,17.809,22305,38,36.7,44400,50360,79.8,0.3,170,1205
"R3Y",3,17.6997,33120,33.6,34.3,35200,43960,80.4,0.3,1020,4870
"R4A",2,83.7434,5470,40,39.9,42400,47720,78.8,0.2,0,90
"R4G",2,38.8827,1655,40.4,37.8,52000,56450,81.2,0.2,15,50
"R4H",2,106.3857,3280,38.8,39.9,46400,58800,73.2,0.3,0,20
"R4J",2,1.1417,1050,43.6,41.2,47200,56400,80,0.3,0,0
"R4K",2,284.8265,960,34,35.7,42400,55800,77,0.3,0,0
"R4L",2,205.1433,1350,40.8,39,43600,51600,76,0.2,0,10
"R5A",2,131.627,3850,38.8,38.3,43600,48320,77,0.2,0,40
"R5G",5,214.8837,25090,33.6,36.3,30400,35320,72.8,0.3,205,1045
"R5H",5,163.2568,5030,38,40.2,34000,36880,70.6,0.3,0,0
"R5J",5,220.0189,1430,36.4,36.9,36400,36600,78.8,0.3,0,20
"R5K",2,180.5314,6070,36,36.1,42000,45640,78.4,0.2,25,10
"R5L",5,374.1252,2250,42.8,41.1,40000,42200,76.2,0.2,0,0
"R5M",5,194.7571,2295,43.2,40.7,40800,44400,72,0.2,0,0
"R5N",2,60.9597,5595,40.4,38.9,46400,50200,80.6,0.2,0,35
"R5P",5,206.8032,735,44,42.3,34800,39600,67,0.2,0,0
"R5R",5,64.1613,1310,46.8,43.1,39200,48500,66,0.3,0,30
"R5T",2,89.4642,865,43.6,41.1,42000,56400,79.5,0.3,0,0
"R6M",5,410.7361,11445,37.6,39.2,31800,35920,71.6,0.3,85,840
"R6W",5,461.4563,21550,30.6,34.1,29200,33120,71.2,0.2,185,1140
"R7A",19,632.8509,30025,36.4,38.3,33200,36760,74,0.3,295,1670
"R7B",19,15.2164,22320,38,39.3,36400,41160,72.8,0.3,260,1305
"R7C",16,9.644,2870,47.6,47.3,35600,40880,58.4,0.3,30,70
"R7N",5,1116.0425,9960,42.4,42.6,32000,36440,67.2,0.3,0,120
"R8A",2,13.1033,5295,44.4,43,38800,45240,73,0.3,55,180
"R8N",3,16.4537,13290,31.4,33.1,39200,45960,82.2,0.3,45,605
"R9A",2,780.5529,6785,36.4,38.2,39600,44240,74,0.3,40,180
"S0A",5,33998.1118,52750,45.6,44,32000,38400,66.4,0.3,105,710
"S0C",5,19918.7979,21740,41.6,41.4,38800,44040,67.4,0.3,40,295
"S0E",5,27324.2923,32380,44,42.8,33200,38000,64.4,0.3,65,365
"S0G",5,35863.9704,65895,42.8,41.8,37600,43000,69.2,0.3,85,775
"S0H",5,30936.1752,21970,46.4,44.1,35200,38600,62.2,0.3,90,330
"S0J",5,205672.1322,50645,36.8,38.1,28000,34680,63.1,0.3,70,360
"S0K",5,31703.027,90185,38.8,39.2,39200,43760,72.4,0.3,170,1205
"S0L",5,29281.5629,30490,42.4,42.2,38800,42880,65,0.3,80,595
"S0M",5,107616.9007,48250,36.4,37.9,30800,36920,63.7,0.3,50,220
"S0N",5,36943.2487,21370,44,42.6,35200,39280,62.8,0.3,30,315
"S0P",15,49.3742,6465,27,31.7,24000,33160,67,0.3,0,15
"S2V",2,3.635,865,46,43.3,49600,62900,67,0.3,0,0
"S3N",5,1619.7866,18635,42,42.3,37200,41240,70.2,0.3,70,610
"S4A",2,790.3012,11955,39.2,40,43600,50920,75.2,0.3,50,325
"S4H",5,827.5284,11810,39.6,40.8,39600,46560,67,0.3,20,250
"S4K",,136.3243,85,47.6,45.6,,,,,0,0
"S4L",2,221.3167,5645,39.2,37.5,59600,64000,79,0.3,0,20
"S4N",19,24.7118,30980,35.6,37.2,37200,39800,77.6,0.3,325,2025
"S4P",6,545.4625,13505,42.8,45.5,29800,38360,65.4,0.3,165,1050
"S4R",19,32.0099,34395,38.8,39.8,37600,40280,73.4,0.2,245,1420
"S4S",6,18.7799,34565,39.6,42.1,40400,47920,69,0.3,645,3785
"S4T",19,13.6277,31060,37.2,38.2,35200,39280,73.2,0.3,170,840
"S4V",2,25.4196,33780,38.8,39.4,47600,55250,72.2,0.3,305,2070
"S4W",3,16.049,14380,31.8,31.9,40800,46040,80.6,0.3,440,2255
"S4X",3,14.4249,29120,38.4,38.1,47200,50960,78.4,0.2,135,865
"S4Y",3,9.6552,5670,36.4,35.8,53200,56600,81.8,0.2,35,120
"S4Z",12,0.7468,1340,36.4,40.6,42400,47000,74,0.2,0,90
"S6H",5,1659.4595,27555,42.8,42.9,35600,40200,67.6,0.3,105,905
"S6J",5,10.3181,5850,40.8,41.4,41200,50280,69.2,0.3,20,225
"S6K",3,0.4981,1335,36.4,35.6,49200,50500,78,0.2,0,25
"S6V",5,2864.3862,42145,36,38.2,34400,39560,68.6,0.3,115,1265
"S6W",4,1.9487,290,60,53.8,45200,56400,44,0.4,0,0
"S6X",3,2.105,2520,38,36.9,58000,56750,78.4,0.2,0,15
"S7A",,5.1749,180,31.8,28.9,,,,,0,0
"S7B",16,10.2761,500,42,40.6,34400,38000,71,0.2,0,0
"S7C",3,49.6633,1140,36.4,34.9,56400,63200,86,0.2,0,0
"S7H",19,13.7237,36820,38,40.7,35200,41600,69.2,0.3,780,3580
"S7J",6,11.332,30830,42.8,44,38800,46680,66,0.3,165,1110
"S7K",19,900.6487,39075,41.2,42.4,39200,47760,67.8,0.3,250,1525
"S7L",19,27.5596,41125,37.2,38,34400,37520,75.2,0.2,165,1800
"S7M",19,21.935,31870,36.8,38.3,32000,37240,71.6,0.3,190,1420
"S7N",19,15.6758,27385,35.2,38.6,37600,46120,69.8,0.3,220,1490
"S7P",,15.3019,180,44.8,40.4,,,,,0,0
"S7R",3,3.3664,8990,32,30.9,41600,44880,85.2,0.2,60,460
"S7S",0,3.3542,5730,42,41,43200,50320,74.8,0.3,25,325
"S7T",3,113.7418,17470,34.4,35.9,43600,52150,76.2,0.3,365,1640
"S7V",3,41.8237,16575,34,35.2,44800,54000,72.8,0.3,230,1305
"S7W",3,16.812,19200,31.8,32.1,44000,51950,80.8,0.3,210,1675
"S9A",5,826.9994,14925,38.8,40.2,35200,39040,69,0.3,40,540
"S9H",5,1762.9584,18545,42.4,43,38000,43520,71,0.3,90,590
"S9V",3,1187.8661,14460,33.2,33.8,40000,44320,81.2,0.2,55,415
"S9X",5,3886.102,7900,34.4,36.4,36800,41600,76,0.3,35,255
"T0A",5,36758.8253,57940,40.4,40.4,37200,44960,74,0.3,80,485
"T0B",5,30126.9335,63070,43.2,42.1,37200,43920,70.2,0.3,120,495
"T0C",5,18267.1684,62815,42.4,41.4,34000,42160,67.8,0.3,130,415
"T0E",5,31996.4341,40345,45.2,43.1,37200,44920,72.8,0.3,60,395
"T0G",5,61454.256,40680,38,38.2,36400,43120,74.4,0.3,70,460
"T0H",5,222929.3085,81425,34.8,36.3,37200,44640,75,0.3,125,740
"T0J",5,37636.6318,50750,40.4,39.9,36400,43880,71.4,0.3,170,690
"T0K",5,24909.8299,59085,36.8,38.2,33600,40760,67.2,0.3,340,1255
"T0L",5,28134.5502,52040,43.6,42.3,35600,44600,66.2,0.3,95,670
"T0M",5,21253.3146,66365,43.2,42,37200,44640,71.8,0.3,170,830
"T0P",15,37713.1385,3085,33.2,34.5,35600,51200,83.2,0.4,0,0
"T1A",5,1585.0244,24985,45.2,44.8,32800,39520,66,0.3,125,545
"T1B",5,3971.4223,33000,41.6,41.6,39200,47560,69.4,0.3,120,760
"T1C",2,9.3869,9405,39.6,39.6,41200,49400,72,0.3,20,100
"T1G",5,947.9745,11030,35.6,37.4,36400,41280,70.4,0.3,70,255
"T1H",19,38.5865,27810,39.6,40.6,35600,38960,74,0.2,95,980
"T1J",19,340.0114,26220,35.6,38.6,37200,44200,75,0.3,145,860
"T1K",5,273.6045,47255,39.2,40.8,37600,46600,66.4,0.3,245,1215
"T1L",12,4.0833,7360,37.2,40.1,36400,42600,78.2,0.3,220,655
"T1M",5,575.7247,10055,36.8,38.2,38800,44480,72.6,0.3,0,225
"T1P",5,990.569,17035,40.8,40.4,38800,46400,73.8,0.3,60,220
"T1R",3,207.1508,17160,36.8,36.5,40400,43920,75.2,0.3,190,1435
"T1S",2,1048.7343,43515,42,40.1,44800,64500,71,0.3,115,575
"T1V",5,193.9186,15700,45.2,44.1,37200,43800,66,0.3,75,490
"T1W",6,3083.7367,17065,42.8,42.7,44000,58750,65,0.3,155,865
"T1X",2,406.6008,25295,38.8,38.2,42800,52650,77.8,0.3,80,410
"T1Y",19,15.6642,52860,38.4,39.1,30600,35000,72.4,0.2,480,3180
"T1Z",0,246.894,2710,43.6,42.2,34800,58800,55.4,0.3,0,60
"T2A",19,19.5393,57765,39.2,39.2,30600,33840,74,0.2,530,3730
"T2B",19,19.6958,22530,41.6,41.1,32800,35720,73.8,0.2,165,795
"T2C",2,58.1072,19865,43.2,42.6,40000,47480,74.6,0.3,95,415
"T2E",17,50.9646,36340,38.4,40.8,39600,50040,81.6,0.3,345,1635
"T2G",1,14.432,16590,36.4,41,38400,53050,80.4,0.4,240,1040
"T2H",19,12.8822,9225,40.8,42.3,34800,41040,77,0.3,80,560
"T2J",2,25.6212,41905,45.2,43.9,43200,57850,69.6,0.3,155,1010
"T2K",19,13.6334,34675,40.4,41.1,36000,43600,72.8,0.3,275,1745
"T2L",6,6.9779,14350,38,40.5,38000,55050,68.2,0.3,315,1410
"T2M",17,6.0973,20475,36.8,37.9,40800,59200,78.8,0.4,255,1225
"T2N",17,9.8807,25810,37.6,39.7,45600,72700,77,0.4,490,1760
"T2P",1,84.6542,14345,35.2,40,34800,53450,75.2,0.4,630,2620
"T2R",1,1.105,17740,33.2,37.2,40800,50680,84.4,0.4,450,2080
"T2S",17,5.677,14780,38.4,41.5,47200,92800,69,0.5,70,715
"T2T",17,7.6413,30795,36.4,38.2,47600,83500,79.4,0.5,390,1605
"T2V",6,19.389,32630,44,44.3,40400,60300,65.6,0.4,245,1290
"T2W",2,17.4758,39830,42.4,42.1,40400,49000,71.2,0.3,150,1180
"T2X",3,38.5248,54685,37.2,37.1,44000,53150,81.6,0.3,370,2040
"T2Y",0,83.9132,60200,40.4,39.3,39200,47000,78.8,0.3,695,3470
"T2Z",3,23.2445,69025,36.8,36.3,46000,53600,81.6,0.3,350,2170
"T3A",0,20.983,51235,43.6,42.5,39200,53350,69.4,0.3,705,3205
"T3B",6,28.2063,38130,42.8,42.9,41600,55950,72.4,0.3,205,1105
"T3C",17,10.1125,24145,36.4,38.8,37600,52550,78.6,0.4,365,2205
"T3E",17,17.2151,42335,38.8,40.1,41600,57200,77.6,0.4,375,1715
"T3G",0,25.2334,57195,41.6,40.5,40400,51250,78,0.3,545,2635
"T3H",2,36.9499,72005,41.6,39.6,48400,70800,75.4,0.4,895,3600
"T3J",3,27.5819,78835,33.6,34.5,29800,33080,78.4,0.2,1340,8240
"T3K",0,38.0947,79145,39.2,38.5,37600,44160,79.8,0.3,490,3595
"T3L",2,58.1662,30025,41.2,39.1,50000,63950,76,0.3,210,920
"T3M",3,33.8043,56700,35.2,33.6,50400,60050,83.2,0.3,470,2260
"T3N",3,26.193,33540,32,31.5,35200,37280,85,0.2,570,3960
"T3P",3,82.6956,27665,33.6,32.5,45600,50200,87,0.2,185,1895
"T3R",3,123.0519,34955,35.2,34.7,44000,54900,79.8,0.3,545,2495
"T3S",0,37.7364,285,48,45,36400,41200,79,0.3,0,0
"T3Z",13,522.703,10600,46.8,42.4,58800,123600,60.8,0.5,120,240
"T4A",2,486.543,19940,37.2,36.9,44400,51750,79.8,0.3,75,400
"T4B",2,276.9734,58050,35.2,34.5,44400,50800,82.8,0.3,275,1385
"T4C",2,711.5273,37325,40,40,46000,56150,75.2,0.3,205,705
"T4E",0,668.0017,5230,47.2,43.9,41600,63950,54.9,0.4,0,60
"T4G",5,1102.4708,13370,45.2,44,37600,44440,69,0.3,0,125
"T4H",5,1063.6785,11830,43.6,43.2,36400,45240,67.8,0.3,20,175
"T4J",5,1049.2351,11390,40.4,40.8,38000,44360,72,0.3,45,175
"T4L",5,727.1644,17145,40.4,40.8,38800,45480,70.2,0.3,75,380
"T4M",3,13.7328,7755,31.2,30.5,46800,52000,85,0.2,30,100
"T4N",11,27.8971,30580,40.4,41.7,32800,42240,66.8,0.3,75,1070
"T4P",19,41.1969,33760,37.2,38,38000,45600,75.2,0.3,125,950
"T4R",2,19.9401,37020,38.8,38.9,44000,51900,75.6,0.3,115,640
"T4S",2,206.2185,20585,36.8,37.3,42000,50720,76,0.3,50,200
"T4T",5,7240.1975,13295,39.6,39.7,36000,44600,72.2,0.3,10,65
"T4V",5,158.1196,20160,43.6,43.7,37200,43840,68.6,0.3,90,505
"T4X",2,609.7143,26450,36.4,35.6,48800,56000,79.2,0.3,50,355
"T5A",19,12.8386,34425,38,39,36000,40120,72.8,0.3,270,1660
"T5B",19,7.2718,15375,41.2,41.6,30400,36800,73.8,0.3,80,600
"T5C",19,5.8071,15940,39.6,40.7,32800,37880,70.6,0.3,80,730
"T5E",19,12.7377,33605,38.4,39.8,34000,40160,72.6,0.3,155,1650
"T5G",19,9.0579,12870,38.8,40.1,30200,36320,75.4,0.3,45,695
"T5H",12,6.7949,25365,37.6,40.3,27800,35560,72.4,0.3,315,2640
"T5J",1,1.3738,6290,31.8,36.1,40000,46640,85.6,0.4,150,670
"T5K",1,3.1171,22440,38,44.2,39600,49360,73,0.4,235,1625
"T5L",19,10.5263,16755,40,40.7,36400,40080,75.4,0.3,145,540
"T5M",19,12.2906,15465,39.6,40.6,36000,45160,77,0.3,90,1165
"T5N",17,7.038,14710,39.2,41.3,44800,66400,70.8,0.4,95,430
"T5P",19,7.0766,20475,41.6,42.1,32000,36760,73.8,0.3,230,1185
"T5R",6,11.6742,24640,41.6,42.3,41200,54000,70.6,0.3,210,1155
"T5S",3,31.3827,7730,36,36.5,49200,54700,85.8,0.3,0,60
"T5T",19,31.6294,77840,37.6,38,40000,46280,78.4,0.3,615,3780
"T5V",,18.3432,145,49.6,46.8,,,,,0,0
"T5W",19,10.4745,20050,40,40.4,35600,41200,72.2,0.3,35,465
"T5X",19,14.8155,42645,37.2,38.1,37200,42040,73.2,0.3,245,1610
"T5Y",3,111.5691,54440,34.4,34.9,40000,43800,81.6,0.2,485,2615
"T5Z",19,12.0329,34200,37.2,38.4,40000,44840,79.8,0.2,165,840
"T6A",6,8.8061,14480,42.8,43.4,44000,51600,74.6,0.3,45,370
"T6B",6,18.7434,9290,42,43.4,42400,49160,75.8,0.3,80,160
"T6C",17,8.5519,20245,40.4,42.3,41600,50240,76.2,0.3,95,585
"T6E",12,19.6046,22890,34.8,39.1,36800,46160,76.4,0.3,365,1865
"T6G",10,6.2708,11500,31,37.6,32400,53800,68,0.4,305,1500
"T6H",6,17.8507,27880,37.6,40.1,38800,49720,73,0.4,280,1935
"T6J",6,22.2411,45385,40.8,42,39200,50320,68.4,0.3,390,2505
"T6K",19,10.1814,28045,38.4,39.2,35200,39960,72,0.3,285,1510
"T6L",19,16.6828,49215,38.8,39.9,35600,40400,75.4,0.3,360,3010
"T6M",3,39.0149,33885,37.2,37.2,47600,56600,79.2,0.3,155,870
"T6N",,2.7844,,,,,,,,,
"T6P",16,11.491,1805,52.8,49.2,33600,36880,73.2,0.3,0,20
"T6R",0,20.4901,45150,41.2,40.3,48000,61250,74.2,0.3,385,1820
"T6S",,18.1062,,,,,,,,,
"T6T",3,15.5099,48820,32.8,33.6,35600,40560,83.4,0.2,670,4685
"T6V",3,15.5211,23105,35.6,35.8,41200,45880,80,0.2,85,695
"T6W",3,47.2631,83495,33.6,33.5,45600,52750,83,0.3,920,5815
"T6X",3,65.4876,50395,32.8,31.9,43600,48000,87.6,0.2,485,3375
"T6Y",,63.1538,230,48.4,45.8,,,,,0,0
"T7A",2,2176.0102,11410,38.8,39.3,40400,47720,75.8,0.3,15,110
"T7E",2,8054.354,13720,39.6,39.5,42400,49920,80,0.3,35,155
"T7N",5,1031.5882,7175,45.6,44.4,36000,41200,66.6,0.3,0,50
"T7P",5,772.2806,7185,46,44.9,32000,38480,64.4,0.3,25,120
"T7S",2,2419.8105,11870,36,36.4,42800,50760,81.6,0.3,0,315
"T7V",2,4515.9337,10315,38.4,38.9,43600,50280,80.8,0.3,70,315
"T7X",2,327.1939,47505,36.8,37.3,44000,51120,78,0.3,100,600
"T7Y",2,836.2651,17055,44,41.5,45600,56400,73,0.3,35,115
"T7Z",5,37.7236,18925,41.2,41.6,40400,47520,73,0.3,10,160
"T8A",2,40.4982,42145,43.6,42.3,48000,55850,74.2,0.3,95,430
"T8B",13,104.1479,7075,47.2,43.4,50800,77600,68.4,0.4,65,145
"T8C",2,125.265,4410,46.4,42.6,48000,65400,73.6,0.3,0,10
"T8E",2,237.3922,8245,43.6,41.2,48000,58850,78.2,0.3,0,35
"T8G",2,245.1564,4785,43.2,41.2,47200,53650,78.6,0.3,0,30
"T8H",2,39.0293,31060,39.2,39.2,49600,57000,79.8,0.2,65,400
"T8L",2,460.9995,29255,36.4,37.7,46400,54100,79,0.3,85,500
"T8N",2,47.836,68210,42.4,41.8,48000,56950,73.2,0.3,135,945
"T8R",2,709.3947,15960,37.6,37.9,44800,51300,77.6,0.2,40,55
"T8S",2,25.3423,7930,35.6,36.9,42000,50720,78.8,0.3,55,230
"T8T",2,379.0062,7285,44,41.6,50000,65200,70,0.3,0,40
"T8V",19,55.5709,31635,35.6,37.5,40000,45880,80.2,0.3,205,1355
"T8W",3,331.7517,21555,34,34,51600,59350,81,0.3,50,415
"T8X",3,307.7419,24185,34,34.1,50000,55900,83.6,0.2,35,430
"T9A",5,978.5581,15095,42.8,42.6,34800,40520,70.6,0.3,20,280
"T9C",5,580.0067,6655,46,44.5,36400,41520,65.2,0.3,0,75
"T9E",2,42.2531,34385,37.2,37.6,43200,50600,80.2,0.3,45,575
"T9G",5,14.2554,6970,40.4,40.3,41200,46840,75.4,0.3,20,70
"T9H",3,23261.4407,26075,36,35.5,55600,67100,91.6,0.3,150,1280
"T9J",3,4.8368,3775,32.8,32.3,62400,69800,94.6,0.2,25,100
"T9K",3,39.1148,40905,33.6,32.1,70000,79800,93.4,0.3,265,1405
"T9M",3,481.332,18240,32.8,34.5,45600,52000,81.2,0.3,20,290
"T9N",2,284.9683,9440,38,38.8,41200,49240,76.2,0.3,0,180
"T9S",5,2102.1672,6360,46.4,44.1,39200,48960,70.2,0.3,10,100
"T9V",2,186.7288,20750,37.6,38.1,43200,51750,77.2,0.3,35,440
"T9W",2,744.8081,8090,38.8,39.9,41200,46520,75.6,0.3,30,185
"T9X",5,761.6226,5400,41.6,42.4,40400,44400,69.4,0.3,10,90
"V0A",5,20695.6446,16075,44.4,44.1,37200,42880,71.6,0.3,135,440
"V0B",5,19671.1627,36125,47.2,45.2,34000,44080,69.8,0.3,130,595
"V0C",2,322135.9905,26465,38,38.1,40800,49120,80.2,0.3,60,280
"V0E",4,48020.3801,72015,50.8,46.6,31600,38520,63.2,0.3,260,1150
"V0G",4,15579.8163,26940,49.2,46.1,31800,39640,67,0.3,110,310
"V0H",4,9878.8119,58480,57.6,51.5,31600,38720,55.5,0.3,200,1045
"V0J",5,175022.1807,51915,42.4,41.4,34000,40080,72.8,0.3,170,785
"V0K",4,35795.9575,33615,55.2,49.3,29000,36040,59.7,0.3,175,320
"V0L",5,46797.8242,4850,50.8,46,23600,31640,60.3,0.3,25,100
"V0M",4,3928.8119,12420,49.2,45.7,31400,37480,65.2,0.3,40,155
"V0N",4,21444.9524,71420,50,46.9,34400,43440,63.9,0.3,455,1750
"V0P",4,27859.0939,7335,55.6,49.4,27000,36720,53.9,0.3,35,85
"V0R",4,8323.4862,72310,51.2,47.3,33200,40680,61.6,0.3,315,1175
"V0S",,1268.6703,365,43.6,43.9,26800,,,0.3,0,0
"V0T",5,52875.6665,9030,43.2,42.2,29400,34800,70.6,0.3,35,110
"V0V",5,6782.6881,1895,40.4,39.9,22800,29680,70,0.3,0,10
"V0W",4,1157.8802,505,59.6,53,32400,38600,60.8,0.3,0,10
"V0X",4,10636.4799,22685,53.6,48.4,28800,36200,62.1,0.3,80,295
"V1A",5,2165.4528,9025,45.6,44.7,36800,43120,69.4,0.3,15,195
"V1B",5,388.4829,23425,48,45.1,38800,47480,64.6,0.3,140,425
"V1C",5,2488.4372,26195,45.6,44.4,35600,43520,68.6,0.3,60,495
"V1E",4,456.3422,21395,51.2,47.6,33200,40400,58.9,0.3,100,285
"V1G",19,9955.2594,15115,36.4,38.4,39600,46720,79,0.3,120,680
"V1H",4,1040.4599,14995,58.8,52.2,35200,44600,54.9,0.3,80,180
"V1J",3,181.1558,24490,33.2,34.9,44400,51700,84.4,0.3,150,995
"V1K",5,6215.8532,9350,49.2,46,30200,37040,64.8,0.3,20,125
"V1L",5,921.2158,17640,44.8,44.4,33200,39760,62.9,0.3,200,855
"V1M",2,66.4863,31420,44,42.5,42000,50920,71.4,0.3,240,1065
"V1N",5,1820.4991,13355,46.8,45.1,35600,43080,70.4,0.3,65,335
"V1P",2,1082.6425,9655,42,41.4,38800,46080,68.2,0.3,40,220
"V1R",11,811.3129,10295,48.8,46.5,34800,40480,65.4,0.3,30,275
"V1S",2,273.5477,13260,40,41,43200,50920,74.6,0.3,70,380
"V1T",4,25.6932,30440,46.8,46.3,31200,36040,65.2,0.3,140,785
"V1V",6,60.1088,26730,40.8,41.9,38800,47640,67.4,0.3,405,1250
"V1W",0,76.28,38375,48,45.9,38800,52100,58.8,0.3,305,1380
"V1X",11,219.4354,35150,40.4,42.2,31400,35120,72,0.2,210,1665
"V1Y",12,18.4637,39050,40.8,44,32800,40840,68.4,0.3,320,2075
"V1Z",5,818.1401,16550,46.4,44,37200,48800,62.4,0.3,45,225
"V2A",4,256.8873,40490,52.8,49.2,32400,39960,61.4,0.3,90,765
"V2B",5,95.0929,41640,43.2,43.6,34000,39480,70.6,0.3,95,640
"V2C",19,570.6303,27035,42.4,43.6,36000,43360,69.4,0.3,235,1555
"V2E",2,38.5608,15965,38,39.2,41200,48400,74.8,0.3,130,585
"V2G",2,2605.5602,18200,42.8,42.3,35200,41400,73.4,0.3,65,300
"V2H",5,219.5452,7060,52,47.1,41600,49320,65.6,0.3,25,55
"V2J",5,21541.319,22680,46.8,44.3,32400,39920,70.2,0.3,35,210
"V2K",2,1553.2652,21555,41.2,40.5,42800,49080,78.4,0.3,20,95
"V2L",11,7.6496,10100,41.6,42.9,29800,35120,68.2,0.3,10,195
"V2M",19,47.676,23760,36.8,39.6,36000,41400,74.6,0.3,155,1255
"V2N",2,3604.2069,33870,39.6,39.9,41200,47640,76,0.3,105,795
"V2P",11,90.4795,39075,41.2,42.1,30400,36040,70,0.3,140,730
"V2R",5,241.2295,55505,42.8,42.5,36000,42000,69,0.3,200,980
"V2S",11,35.1456,52495,40.4,41.8,33200,39240,72.6,0.3,375,2225
"V2T",6,37.7816,60080,38.4,40.5,27800,34080,69.8,0.2,680,4850
"V2V",2,2088.4363,36155,40.4,40.2,34400,39640,75.6,0.3,100,565
"V2W",2,73.3688,23675,38.8,37.8,41200,47880,80.2,0.2,120,610
"V2X",2,22.2164,50280,43.2,42.8,36800,41640,76.2,0.2,290,1375
"V2Y",2,41.5899,46970,36.8,36.8,40000,45720,81.6,0.3,505,2860
"V2Z",5,92.4853,16210,50.4,46.1,37200,49360,63.2,0.3,50,225
"V3A",6,24.774,46295,42.4,43,37200,43120,73.6,0.3,210,1455
"V3B",6,20.3421,61395,41.6,41.5,34400,40600,78.2,0.3,880,4860
"V3C",2,22.4531,39450,42.8,42.2,38800,44560,77.8,0.3,295,1525
"V3E",2,81.1342,42030,41.6,39.8,34400,44160,78.2,0.3,695,3095
"V3G",2,196.9056,26940,39.2,38.9,39600,47480,74.8,0.3,150,770
"V3H",2,59.6587,37340,42.4,40.9,44400,54200,76.8,0.3,330,1465
"V3J",6,14.1606,44555,40.4,41.3,34800,42400,75.6,0.3,745,3560
"V3K",6,15.1872,31180,42,42.4,34800,40880,77.2,0.3,280,1790
"V3L",6,6.8129,30990,40.8,42.4,40400,46760,79.4,0.3,465,2425
"V3M",6,8.8073,47925,40,41.6,36800,41680,80.6,0.3,640,4345
"V3N",6,11.3859,41405,40.4,41.4,33200,39160,80.2,0.3,680,3810
"V3R",6,19.416,61435,39.6,40.1,29800,34040,78.2,0.3,870,5010
"V3S",6,52.2236,105000,38,38.6,34400,39960,79.2,0.2,1175,7810
"V3T",12,8.146,45515,35.2,38.5,29000,32480,82.2,0.3,1120,7115
"V3V",6,18.3082,50870,34.8,37.8,26400,31240,78.4,0.2,1030,8175
"V3W",6,23.8831,95970,35.6,38,27200,31520,78,0.2,1765,13840
"V3X",6,13.1604,33055,37.2,38.5,31800,37840,77.6,0.3,530,3155
"V3Y",2,86.7655,19415,43.2,42.1,40000,45840,77.2,0.3,105,395
"V3Z",2,91.6942,38835,39.6,39.5,40000,52750,69.6,0.3,695,2755
"V4A",0,17.9892,38035,51.6,48.1,36800,48760,60.8,0.3,340,1710
"V4B",0,5.1745,21830,58,53.3,37600,50080,57.6,0.3,250,860
"V4C",6,13.2968,48435,38.8,39.7,31800,37200,77.6,0.2,585,4465
"V4E",0,7.062,12280,44,42.2,38400,46600,73.2,0.3,125,650
"V4G",,10.8898,75,43.2,42,,,,,0,0
"V4K",0,135.2378,25195,47.2,45.1,40400,47480,71.2,0.3,160,635
"V4L",0,6.5825,7875,54.8,50.2,44000,56800,59.7,0.3,20,75
"V4M",0,13.6993,16805,49.6,45.9,41600,54300,65.8,0.3,165,705
"V4N",6,68.1612,86010,38.8,39,35200,41840,79,0.3,885,4920
"V4P",2,10.6623,13950,48.4,46,37200,52250,58.7,0.4,290,770
"V4R",2,172.618,17040,40,38.9,41600,49280,76.4,0.3,55,370
"V4S",2,169.696,7920,42,40.7,35600,42360,75,0.3,30,95
"V4T",4,67.2407,31700,48,45.9,35600,42400,64.2,0.3,80,480
"V4V",5,124.1732,17725,45.6,43.9,36800,48640,65,0.3,110,325
"V4W",2,94.4271,21245,40.8,40.7,36000,43960,70.2,0.3,45,455
"V4X",2,130.7937,14365,38.8,39.4,33600,43360,69,0.3,145,525
"V4Z",2,682.0563,5775,40,39.4,37200,43280,70.8,0.3,15,120
"V5A",6,21.5915,25405,40,41,34800,44400,72.4,0.3,530,2330
"V5B",6,8.5705,22575,42,42.3,33200,42840,73.4,0.3,285,1770
"V5C",6,7.3639,37685,38,41.3,37200,44760,79.4,0.3,810,3450
"V5E",6,7.4223,26840,41.6,42.8,30600,39120,73.6,0.3,620,2665
"V5G",6,11.7392,20135,44.8,44.3,33200,39840,72.4,0.3,300,1305
"V5H",12,6.9021,41950,38.4,42,28200,34960,75.4,0.3,1685,6895
"V5J",6,13.7384,23190,40.8,42,31000,38200,75.2,0.3,570,2130
"V5K",6,5.8956,23430,42,42.6,32800,41520,78.2,0.3,215,1220
"V5L",12,3.4843,19475,38.8,40.8,36000,43720,81,0.3,150,895
"V5M",6,4.9012,23410,42.8,44.1,27800,35360,74,0.3,300,1675
"V5N",6,4.9259,35845,38.4,40.9,32400,41400,80.6,0.3,580,2780
"V5P",6,5.1674,31625,44,44.2,27800,35040,74.2,0.3,535,2355
"V5R",6,5.8547,48150,39.2,41.7,29400,34600,80,0.3,900,4820
"V5S",6,7.0962,32940,42.4,43,33600,39800,76.2,0.3,390,2065
"V5T",12,3.0897,26340,36.4,39.2,41200,48840,86.6,0.3,350,1830
"V5V",6,3.7289,24285,39.2,40.2,38000,47840,79,0.3,325,1480
"V5W",6,3.2086,20825,40.8,41.8,32000,39880,78.2,0.3,335,1725
"V5X",6,6.4234,31095,38,40.8,28200,34240,76,0.3,875,4090
"V5Y",1,4.1847,19035,37.6,40.4,44800,58400,74.8,0.4,345,1775
"V5Z",1,3.7848,24955,40.4,43.2,42000,55700,71.6,0.4,600,2315
"V6A",1,3.2696,21065,42,44.3,28400,41240,75.4,0.4,225,1280
"V6B",1,1.9812,32375,36,39.4,41200,52100,83.6,0.4,1440,5435
"V6C",13,0.3778,2845,40,43.1,41600,87200,44.5,0.6,70,235
"V6E",1,1.2187,27480,37.6,42,36800,48240,73,0.4,1055,4980
"V6G",1,5.0571,28015,41.6,45,38000,49040,74.6,0.4,980,4395
"V6H",1,2.7252,17740,39.6,43.4,44000,54800,73.8,0.4,375,1455
"V6J",1,4.3035,23045,40,43.2,44800,63850,68.2,0.4,440,2225
"V6K",1,3.1573,27145,38.8,41.9,42800,57300,72.6,0.4,715,3340
"V6L",13,3.4062,10565,46.4,44.5,35600,59050,60.6,0.4,350,940
"V6M",13,4.4421,16420,46.8,45.4,36400,65600,57.4,0.5,390,1555
"V6N",13,7.3941,14260,44.8,42.8,37200,64100,57.6,0.5,405,870
"V6P",6,8.8707,33080,42.4,42.9,31200,46280,67,0.4,1140,3665
"V6R",13,4.7671,19170,42,42.5,38800,65200,61.3,0.5,660,2310
"V6S",10,4.018,15710,36.4,38.1,32400,50240,68.4,0.5,990,3050
"V6T",10,7.2837,12045,31.6,37.6,29200,51600,58.3,0.5,655,2195
"V6V",2,23.8155,11095,42.8,41.7,32000,38160,80.4,0.3,75,400
"V6W",6,23.1463,2435,40.4,43.3,35600,40760,76,0.3,45,135
"V6X",12,13.3262,41320,38,41.4,27000,33360,78.2,0.3,1240,4230
"V6Y",6,9.9996,49220,44.8,44.5,26400,33600,73.6,0.3,1305,4495
"V6Z",1,1.0279,20685,38.8,42.2,41200,57700,70.8,0.4,805,3305
"V7A",6,9.9199,26535,44,43.2,29200,37280,70.8,0.3,560,1900
"V7B",2,17.9452,820,43.2,41,40400,52600,82,0.3,0,25
"V7C",6,10.6744,40705,44.4,43.5,28000,36920,68.8,0.3,945,3115
"V7E",0,20.0456,37805,47.2,44.4,35200,46120,69.8,0.3,715,2030
"V7G",13,43.5829,11850,47.2,43.8,47600,64600,72.4,0.3,105,475
"V7H",2,35.3593,12430,44.8,43.5,45600,56000,74.4,0.3,85,475
"V7J",2,28.8174,17865,42,41.9,42000,53500,72.6,0.3,205,1085
"V7K",13,7.7674,12585,43.2,40.7,46000,60100,78.4,0.3,185,630
"V7L",6,7.2661,29250,41.6,42.4,40000,50240,78.2,0.3,450,2580
"V7M",6,3.9548,23085,42.4,43.7,38800,45120,75.8,0.3,340,2200
"V7N",13,18.9085,15150,46,43.7,40000,57200,70.4,0.3,280,905
"V7P",6,5.7231,13710,42.8,42.5,32800,44960,72,0.3,265,1370
"V7R",13,24.65,15585,45.6,42.7,44000,71700,70,0.4,265,1195
"V7S",13,67.9945,11140,47.2,44.2,35200,73600,46,0.5,310,975
"V7T",0,3.9999,9890,52.4,50,34000,55150,56,0.4,220,895
"V7V",0,6.7319,15240,52.8,49.7,40400,94300,44.8,0.5,285,1380
"V7W",13,810.013,8695,50.4,46.1,48400,97700,57.2,0.5,150,560
"V7Z",,9.4222,205,61.2,53.4,,,,,0,0
"V8A",4,807.9347,19135,54,49,31400,37000,59,0.3,50,240
"V8B",3,3134.9647,17675,37.2,37.9,42400,49520,79,0.3,200,1010
"V8C",2,239.2799,8235,42.4,41.7,43600,51350,76.2,0.3,35,100
"V8E",12,239.9955,13790,36,38.1,37200,48280,73,0.3,325,1870
"V8G",2,9721.8369,19605,39.6,40.1,37600,43960,76.6,0.3,105,495
"V8J",2,3027.6415,12345,39.6,40.4,37600,46920,79.8,0.3,125,425
"V8K",4,182.9422,11635,56.4,51.2,32400,45040,54.8,0.3,80,300
"V8L",0,45.3718,25110,59.2,53.2,41200,49480,53.8,0.3,85,505
"V8M",4,44.7221,16685,51.6,47.8,40400,47840,61.5,0.3,70,285
"V8N",6,15.0089,26050,44,44.1,35600,48440,59.2,0.3,360,1680
"V8P",6,8.9531,18420,44.4,44.9,36800,44800,65.4,0.3,255,930
"V8R",6,8.0457,24075,43.6,44.2,38400,48320,66.2,0.3,310,1215
"V8S",0,7.0641,17295,52.4,49,43600,59300,53.9,0.3,145,660
"V8T",12,5.2509,21345,38.4,42.1,32000,36720,76.6,0.3,260,1390
"V8V",12,4.6697,28430,47.6,48.7,36000,42240,63.6,0.3,315,1620
"V8W",1,1.1075,6455,40.4,44.8,34800,43400,72.2,0.3,155,530
"V8X",6,12.942,24225,42.4,43.4,38000,43800,68.8,0.3,230,1205
"V8Y",0,10.7091,10135,54.8,49.7,46400,58150,55.6,0.3,145,355
"V8Z",6,18.5651,32135,43.2,43.2,38800,43040,71.4,0.2,220,1060
"V9A",6,13.06,39760,44.4,44.8,37200,42720,71.4,0.3,255,1435
"V9B",6,70.8489,53955,40.4,40.9,39600,43480,75.6,0.3,485,2225
"V9C",6,100.9778,27885,40.8,40.6,42800,47080,72.6,0.2,230,670
"V9E",5,178.5848,5340,51.2,47.2,42800,55200,58.6,0.3,65,90
"V9G",4,124.2019,15885,53.2,48.5,34400,40840,60.3,0.3,50,160
"V9H",5,2880.7689,10135,49.2,45.5,37600,44680,65.4,0.3,20,145
"V9J",4,187.5907,9385,52.4,47.3,35200,43760,64.8,0.3,35,65
"V9K",4,395.3983,16685,62,55.7,34000,41520,47.7,0.3,60,120
"V9L",11,626.5461,36520,48,45.5,32800,39320,63.5,0.3,150,760
"V9M",4,29.0435,18470,54,49.3,36800,43000,56.8,0.3,105,375
"V9N",4,831.4049,32955,48.8,46.7,33600,39360,61.1,0.3,140,755
"V9P",4,118.8923,27705,61.6,54.6,34400,41800,48.5,0.3,75,425
"V9R",11,62.8495,31995,41.2,42.6,30800,36680,69.2,0.3,185,1265
"V9S",4,13.4742,17975,46,46,32000,38000,66.4,0.3,135,565
"V9T",4,27.2258,36955,46.4,45.5,36000,42120,65.6,0.3,195,920
"V9V",0,6.1822,11300,52.4,48.3,37200,44560,58.6,0.3,135,450
"V9W",4,89.2306,30785,48,45.9,33600,40080,64,0.3,95,495
"V9X",5,1383.6257,11345,45.2,43.1,36800,43240,70.6,0.3,10,105
"V9Y",4,1725.9167,26445,50,46.7,31200,36920,60.4,0.3,65,245
"V9Z",5,149.4105,20135,46.4,44.2,36400,41120,68.2,0.3,60,265
"X0A",15,970387.7204,19355,26.8,28.7,38400,51080,84.4,0.3,15,155
"X0B",15,452361.383,6475,25.8,28.7,28400,41640,77.6,0.3,10,0
"X0C",15,414244.6732,11030,23.6,27.2,31200,44320,79.8,0.3,10,25
"X0E",3,920802.8987,19800,35.6,37,38400,49040,79.4,0.3,25,185
"X0G",5,67.6132,470,35.6,37.1,25400,33600,71,0.3,0,0
"X1A",3,206841.4058,20805,35.6,35.7,60800,64500,86.6,0.3,95,675
"Y0A",5,158266.8753,1655,47.2,44,35200,41720,76,0.3,10,35
"Y0B",5,311462.8154,7480,43.6,42.8,40000,44320,75,0.3,30,120
"Y1A",3,2615.7443,31095,38,39.1,49200,54750,77.4,0.3,210,1350
