CFSAUID,LANDAREA
A0A,4136.6221
A0B,4152.6284
A0C,2733.4722
A0E,6365.8235
A0G,15499.6047
A0H,20867.7402
A0J,1823.4152
A0K,58466.1398
A0L,1490.5444
A0M,3493.0858
A0N,12012.2029
A0P,154110.1059
A0R,64964.7996
A1A,42.2284
A1B,52.2588
A1C,3.9805
A1E,14.2423
A1G,10.7733
A1H,153.9089
A1K,86.0335
A1L,29.6684
A1M,57.6063
A1N,15.6504
A1S,158.4788
A1V,104.5283
A1W,23.2536
A1X,36.4700
A1Y,130.7763
A2A,27.2342
A2B,27.6087
A2H,1494.7447
A2N,49.5011
A2V,34.1095
A5A,855.5309
A8A,4645.6008
B0C,1603.8466
B0E,5995.6604
B0H,2614.0401
B0J,5165.7381
B0K,3452.0117
B0L,215.4799
B0M,4101.9623
B0N,4851.2830
B0P,1789.8920
B0R,1105.3853
B0S,2829.9460
B0T,3963.5831
B0V,291.8703
B0W,4328.5247
B1A,30.7175
B1B,155.8567
B1C,237.7669
B1E,5.0542
B1G,6.2855
B1H,54.2751
B1J,281.5396
B1K,770.9546
B1L,183.4694
B1M,49.3320
B1N,55.3009
B1P,42.8730
B1R,25.4170
B1S,14.8871
B1T,180.6172
B1V,11.7201
B1W,35.9090
B1X,235.0407
B1Y,236.5393
B2A,78.6914
B2C,170.2944
B2E,73.0693
B2G,996.4274
B2H,311.9752
B2J,110.1724
B2N,57.1758
B2R,54.3199
B2S,458.5052
B2T,545.0617
B2V,11.2236
B2W,22.9358
B2X,12.0600
B2Y,6.3741
B2Z,118.3062
B3A,24.7420
B3B,3.0519
B3E,94.8735
B3G,32.5854
B3H,6.6375
B3J,0.9453
B3K,6.5399
B3L,4.4422
B3M,12.0434
B3N,7.5457
B3P,11.9286
B3R,14.7484
B3S,3.8052
B3T,215.2950
B3V,124.4740
B3Z,508.0347
B4A,19.8529
B4B,163.0519
B4C,33.9042
B4E,41.3849
B4G,115.2362
B4H,732.8223
B4N,321.1869
B4P,221.0262
B4R,7.7363
B4V,638.0046
B5A,553.1379
B6L,877.8391
B9A,78.4585
C0A,3089.0533
C0B,2005.1851
C1A,21.5076
C1B,233.9523
C1C,42.3774
C1E,149.1004
C1N,140.0025
E1A,99.0623
E1B,34.0983
E1C,12.2776
E1E,34.0378
E1G,447.7288
E1H,272.3461
E1J,169.1107
E1N,980.7260
E1V,915.9923
E1W,174.4149
E1X,451.1272
E2A,1937.2096
E2E,25.8261
E2G,32.4951
E2H,23.6453
E2J,31.2457
E2K,31.6109
E2L,2.4507
E2M,119.6854
E2N,91.1070
E2P,25.6766
E2S,311.7279
E2V,281.9287
E3A,1151.3480
E3B,521.3186
E3C,152.6019
E3E,257.5042
E3G,227.4319
E3L,363.2107
E3N,1441.2183
E3V,86.6808
E3Y,1163.2145
E3Z,171.6515
E4A,1248.8792
E4B,475.8974
E4C,580.8362
E4E,664.4041
E4G,436.7752
E4H,1016.5965
E4J,205.8624
E4K,252.6022
E4L,691.1698
E4M,442.1741
E4N,113.3426
E4P,364.3010
E4R,137.7570
E4S,394.6169
E4T,2237.1132
E4V,183.2842
E4W,595.6233
E4X,260.6329
E4Y,665.5381
E4Z,2490.1414
E5A,882.1724
E5B,347.8057
E5C,516.2180
E5E,39.5937
E5G,156.5210
E5H,372.7658
E5J,442.5738
E5K,600.1638
E5L,1553.2384
E5M,610.8687
E5N,601.3895
E5P,317.1822
E5R,631.3490
E5S,116.1286
E5T,477.7522
E5V,38.3193
E6A,2335.0003
E6B,1628.9512
E6C,563.0066
E6E,579.7759
E6G,571.8624
E6H,1001.8805
E6J,548.9555
E6K,811.5974
E6L,432.0840
E7A,601.2534
E7B,650.5028
E7C,1066.1272
E7E,914.2085
E7G,3710.5470
E7H,583.6354
E7J,777.2255
E7K,306.8673
E7L,1035.8081
E7M,435.0027
E7N,412.4201
E7P,341.7334
E8A,2478.2472
E8B,2049.8202
E8C,17.1494
E8E,1228.0521
E8G,1352.3319
E8J,173.8053
E8K,326.9680
E8L,654.6006
E8M,196.0859
E8N,78.2525
E8P,198.5975
E8R,229.6800
E8S,62.2297
E8T,185.8992
E9A,512.8748
E9B,567.6745
E9C,1488.7928
E9E,6211.0765
E9G,462.1294
E9H,262.4844
G0A,11122.0980
G0C,8551.1387
G0E,1463.3106
G0G,127524.3928
G0H,3019.2551
G0J,11515.5635
G0K,3827.3675
G0L,7984.2140
G0M,3126.5538
G0N,1560.1090
G0P,907.9263
G0R,7117.3534
G0S,3444.0204
G0T,2297.7322
G0V,38016.1790
G0W,23303.0543
G0X,31080.7623
G0Y,1773.6440
G0Z,620.9932
G1B,41.6431
G1C,20.7153
G1E,11.0731
G1G,10.1297
G1H,8.3869
G1J,6.2473
G1K,3.8560
G1L,3.9677
G1M,10.7409
G1N,2.4844
G1P,11.4638
G1R,3.0261
G1S,4.7890
G1T,4.7408
G1V,8.5447
G1W,8.4646
G1X,12.0263
G1Y,6.4974
G2A,20.4068
G2B,14.5983
G2C,7.5484
G2E,9.1608
G2G,51.2998
G2J,0.9948
G2K,16.0871
G2L,11.7615
G2M,22.3716
G2N,13.3945
G3A,85.7954
G3B,61.7340
G3C,671.6100
G3E,8.4509
G3G,33.9882
G3H,121.1154
G3J,41.2810
G3K,29.9346
G3L,666.2013
G3M,20.1956
G3N,165.8386
G3S,361.4882
G3Z,545.8467
G4A,51.5277
G4R,26778.6185
G4S,121.9205
G4T,187.3315
G4V,4544.5351
G4W,195.4893
G4X,2866.9162
G4Z,42369.1968
G5A,458.1944
G5B,41.1983
G5C,39.7103
G5H,55.2249
G5J,192.0236
G5L,62.2922
G5M,18.8570
G5N,175.9165
G5R,83.7418
G5T,556.7846
G5V,124.4443
G5X,164.5911
G5Y,88.4581
G5Z,98.8781
G6A,11.7402
G6B,278.6531
G6C,86.0979
G6E,107.5486
G6G,200.6784
G6H,214.2918
G6J,94.3022
G6K,3.6949
G6L,341.1145
G6P,30.2009
G6R,18.3115
G6S,62.0360
G6T,42.7389
G6V,24.8553
G6W,23.3304
G6X,7.9521
G6Y,17.3352
G6Z,95.7585
G7A,94.7399
G7B,264.2840
G7G,33.2581
G7H,129.9502
G7J,16.3521
G7K,11.7827
G7N,1934.1845
G7P,229.0277
G7S,35.9320
G7T,3.8322
G7X,277.5392
G7Y,33.5472
G7Z,2.3617
G8A,5.5706
G8B,104.6696
G8C,7.5392
G8E,82.7142
G8G,187.4938
G8H,151.3637
G8J,15119.9799
G8K,361.2722
G8L,16026.1190
G8M,409.2404
G8N,1131.6707
G8P,694.8744
G8T,21.7863
G8V,39.9274
G8W,57.0831
G8Y,23.2219
G8Z,8.2854
G9A,37.7682
G9B,82.8958
G9C,17.6852
G9H,439.6729
G9N,37.8763
G9P,37.3731
G9R,22.2648
G9T,66.1901
G9X,7796.8026
H1A,15.1650
H1B,13.2671
H1C,11.0985
H1E,10.9806
H1G,7.8410
H1H,4.5821
H1J,8.2921
H1K,6.1714
H1L,7.5319
H1M,4.9377
H1N,8.7485
H1P,5.1182
H1R,4.6352
H1S,4.7079
H1T,4.1367
H1V,5.0314
H1W,3.2347
H1X,2.7566
H1Y,2.6523
H1Z,6.9851
H2A,2.1482
H2B,2.5744
H2C,2.6704
H2E,1.9150
H2G,2.0126
H2H,1.1386
H2J,1.9263
H2K,3.5421
H2L,2.4144
H2M,3.3748
H2N,1.1300
H2P,1.6857
H2R,2.1826
H2S,2.5422
H2T,1.3553
H2V,4.4083
H2W,0.9836
H2X,1.5650
H2Y,0.5104
H2Z,0.5174
H3A,0.5669
H3B,0.3691
H3C,4.7286
H3E,3.7081
H3G,0.8859
H3H,3.7198
H3J,1.1000
H3K,4.4367
H3L,3.6271
H3M,2.8339
H3N,1.6611
H3P,2.7467
H3R,2.6791
H3S,2.8468
H3T,1.5744
H3V,1.7925
H3W,2.9969
H3X,3.4584
H3Y,2.5363
H3Z,1.5413
H4A,3.0336
H4B,3.0934
H4C,3.9029
H4E,4.5651
H4G,2.7796
H4H,3.1279
H4J,2.8353
H4K,4.3891
H4L,5.5300
H4M,2.7610
H4N,5.3313
H4P,3.4168
H4R,8.5006
H4S,16.1571
H4T,5.2708
H4V,2.6588
H4W,5.7786
H4X,1.6261
H7A,18.3298
H7B,13.5758
H7C,18.0816
H7E,18.3096
H7G,6.4765
H7H,6.1779
H7J,28.8811
H7K,11.5598
H7L,15.9364
H7M,11.1036
H7N,8.2897
H7P,16.1875
H7R,17.5033
H7S,9.6383
H7T,11.6602
H7V,5.6008
H7W,9.6847
H7X,12.7664
H7Y,6.3723
H8N,7.9675
H8P,4.4125
H8R,7.0720
H8S,12.4235
H8T,3.3164
H8Y,5.7689
H8Z,4.4481
H9A,4.5065
H9B,7.1053
H9C,9.2913
H9E,13.2161
H9G,4.1259
H9H,9.0398
H9J,11.1911
H9K,6.3849
H9P,15.3944
H9R,15.1388
H9S,9.4827
H9W,11.0308
H9X,23.9345
J0A,1320.2669
J0B,5103.8733
J0C,1080.3758
J0E,2236.4971
J0G,1048.4694
J0H,1954.1085
J0J,1510.2477
J0K,12791.2938
J0L,1274.3479
J0M,7588.2175
J0N,216.8419
J0P,581.7591
J0R,245.5991
J0S,1459.7824
J0T,5319.6991
J0V,2377.9266
J0W,9333.9895
J0X,22196.4282
J0Y,758980.8299
J0Z,26583.4089
J1A,219.4495
J1C,77.1706
J1E,18.2747
J1G,11.8670
J1H,23.8305
J1J,8.2680
J1K,7.5532
J1L,25.6087
J1M,27.9132
J1N,80.0132
J1R,72.8990
J1S,225.0653
J1T,47.1673
J1X,333.4512
J1Z,170.0870
J2A,95.4163
J2B,97.3022
J2C,26.7063
J2E,25.2983
J2G,17.6698
J2H,55.9278
J2J,79.0886
J2K,138.8112
J2L,114.0497
J2M,117.9905
J2N,92.1177
J2R,104.7930
J2S,26.3973
J2T,57.6603
J2W,50.9989
J2X,58.8232
J2Y,69.4986
J3A,3.1720
J3B,44.4399
J3E,48.4921
J3G,66.8893
J3H,49.4563
J3L,165.1375
J3M,63.2314
J3N,35.8423
J3P,74.9808
J3R,20.0611
J3T,96.1140
J3V,42.8486
J3X,94.7984
J3Y,57.6043
J3Z,3.8172
J4B,71.0215
J4G,9.1668
J4H,4.4588
J4J,6.3844
J4K,5.7447
J4L,7.3514
J4M,3.9020
J4N,7.2181
J4P,3.5811
J4R,2.7694
J4S,2.2234
J4T,4.3328
J4V,4.7752
J4W,6.0497
J4X,5.3954
J4Y,10.4102
J4Z,23.3370
J5A,106.3982
J5B,7.6428
J5C,9.3700
J5J,111.2007
J5K,92.7051
J5L,50.3118
J5M,118.2859
J5R,60.7439
J5T,68.2198
J5V,62.5890
J5W,134.9085
J5X,56.5656
J5Y,9.4043
J5Z,39.0665
J6A,15.2141
J6E,69.2301
J6J,12.9390
J6K,21.3660
J6N,78.5816
J6R,45.9629
J6S,96.8242
J6T,11.7367
J6V,27.6787
J6W,17.9129
J6X,29.4211
J6Y,39.0259
J6Z,10.2674
J7A,10.6839
J7B,6.9008
J7C,48.0684
J7E,13.5811
J7G,10.6651
J7H,12.9074
J7J,93.5204
J7K,90.9480
J7L,15.9454
J7M,39.7182
J7N,390.5746
J7P,11.4666
J7R,65.1247
J7T,144.4892
J7V,109.2038
J7W,7.0981
J7X,11.6359
J7Y,22.7619
J7Z,17.1062
J8A,119.5020
J8B,119.6717
J8C,158.4007
J8E,254.3644
J8G,478.1163
J8H,193.6873
J8L,593.0500
J8M,54.4011
J8N,612.0970
J8P,27.3900
J8R,87.2278
J8T,18.0206
J8V,140.4066
J8X,5.7692
J8Y,7.8877
J8Z,8.5367
J9A,14.7303
J9B,112.6504
J9E,570.3774
J9H,16.2054
J9J,72.4138
J9L,587.4207
J9P,3763.9740
J9T,430.0445
J9V,97.3220
J9X,96.8313
J9Y,1324.1501
J9Z,148.3596
K0A,3072.8212
K0B,1223.8974
K0C,2470.9420
K0E,1979.2436
K0G,2675.2361
K0H,5232.2271
K0J,6565.4195
K0K,5464.1988
K0L,7368.4296
K0M,5512.5103
K1A,0.5559
K1B,10.5811
K1C,17.6679
K1E,6.5016
K1G,35.6769
K1H,6.8364
K1J,12.6424
K1K,13.4204
K1L,3.3005
K1M,2.7892
K1N,4.1394
K1P,0.4258
K1R,3.7073
K1S,6.3408
K1T,46.4052
K1V,34.9793
K1W,10.0267
K1X,35.8594
K1Y,5.7765
K1Z,6.6210
K2A,5.0035
K2B,7.9454
K2C,13.1500
K2E,10.7391
K2G,28.2119
K2H,17.2193
K2J,32.1340
K2K,15.3888
K2L,6.4717
K2M,9.1575
K2P,1.3093
K2R,67.4299
K2S,132.0912
K2T,11.7509
K2V,2.3724
K2W,64.6750
K4A,32.7591
K4B,161.0200
K4C,27.9819
K4K,54.1000
K4M,54.8823
K4P,60.4823
K4R,88.1735
K6A,107.9393
K6H,75.7605
K6J,25.6513
K6K,12.7954
K6T,24.7581
K6V,232.9388
K7A,354.5610
K7C,210.6034
K7G,136.9739
K7H,621.9100
K7K,28.8285
K7L,140.8027
K7M,44.1686
K7N,3.9663
K7P,29.7964
K7R,333.5821
K7S,185.3303
K7V,665.4234
K8A,617.5258
K8B,4.0215
K8H,151.5124
K8N,199.5057
K8P,15.0213
K8R,10.6416
K8V,154.0598
K9A,179.6388
K9H,16.6607
K9J,264.2858
K9K,10.1592
K9L,32.9350
K9V,253.2121
L0A,663.7273
L0B,496.0309
L0C,342.4574
L0E,434.5302
L0G,623.2527
L0H,38.9191
L0J,37.0166
L0K,1721.4541
L0L,1058.0793
L0M,826.5364
L0N,72.7884
L0P,235.8533
L0R,984.5589
L0S,623.7178
L1A,200.3166
L1B,73.5140
L1C,185.8759
L1E,25.9671
L1G,19.8828
L1H,57.1599
L1J,23.2312
L1K,14.5586
L1L,30.8847
L1M,19.1100
L1N,35.5046
L1P,26.5078
L1R,21.7350
L1S,20.2473
L1T,23.1674
L1V,17.7631
L1W,16.7570
L1X,38.4469
L1Y,119.2188
L1Z,23.2281
L2A,42.5988
L2E,12.7042
L2G,65.9841
L2H,50.4623
L2J,21.3045
L2M,15.7486
L2N,12.8871
L2P,8.7476
L2R,62.1652
L2S,10.7378
L2T,10.8682
L2V,23.5948
L2W,0.9180
L3B,124.5739
L3C,23.4021
L3K,122.9781
L3L,6.4533
L3M,68.7098
L3P,43.7598
L3R,19.4291
L3S,15.3115
L3T,24.2116
L3V,320.9005
L3X,18.6141
L3Y,48.1146
L3Z,157.2000
L4A,228.6984
L4B,15.4284
L4C,23.7011
L4E,32.9170
L4G,50.0005
L4H,76.3340
L4J,22.3937
L4K,32.8087
L4L,36.3704
L4M,77.8005
L4N,55.6162
L4P,67.6291
L4R,107.8584
L4S,28.7441
L4T,33.7566
L4V,2.4291
L4W,19.4499
L4X,6.3661
L4Y,8.1692
L4Z,9.9500
L5A,8.2420
L5B,10.3990
L5C,12.3848
L5E,8.0467
L5G,7.2303
L5H,11.3873
L5J,17.8669
L5K,6.0875
L5L,18.1864
L5M,24.9887
L5N,32.8959
L5R,9.3291
L5S,5.9959
L5T,11.9677
L5V,11.9662
L5W,15.6487
L6A,61.2069
L6B,33.1034
L6C,52.6077
L6E,8.2503
L6G,14.2567
L6H,62.5146
L6J,18.3881
L6K,6.1044
L6L,17.0665
L6M,34.8703
L6P,45.7940
L6R,23.5285
L6S,41.2511
L6T,19.2571
L6V,8.6194
L6W,15.3978
L6X,26.0308
L6Y,37.9340
L6Z,14.4623
L7A,33.6137
L7B,180.9839
L7C,293.2520
L7E,135.4397
L7G,127.5306
L7J,133.2637
L7K,260.1272
L7L,24.6378
L7M,53.8541
L7N,6.5651
L7P,78.1321
L7R,5.9362
L7S,3.9426
L7T,13.0558
L8B,130.2271
L8E,32.8993
L8G,8.8239
L8H,15.6287
L8J,71.4710
L8K,11.8190
L8L,13.2307
L8M,3.3460
L8N,6.5312
L8P,5.8906
L8R,4.1562
L8S,17.9287
L8T,6.2630
L8V,5.5244
L8W,7.0520
L9A,7.1852
L9B,13.6175
L9C,12.6266
L9E,118.7335
L9G,80.6250
L9H,62.0100
L9J,27.2468
L9K,7.5933
L9L,236.5082
L9M,242.9891
L9N,69.0495
L9P,218.1190
L9R,103.0616
L9S,119.0325
L9T,82.9492
L9V,818.7700
L9W,683.4793
L9X,238.2282
L9Y,186.0677
L9Z,57.4219
M1B,35.3539
M1C,13.8604
M1E,15.8104
M1G,8.9669
M1H,4.4976
M1J,6.5600
M1K,8.7101
M1L,8.3321
M1M,9.2167
M1N,5.9616
M1P,11.1723
M1R,10.2393
M1S,12.9636
M1T,6.1233
M1V,14.2525
M1W,8.3863
M1X,7.0091
M2H,7.6546
M2J,10.1063
M2K,5.6800
M2L,6.1199
M2M,7.5823
M2N,9.5924
M2P,2.8680
M2R,7.0468
M3A,7.4370
M3B,7.1507
M3C,8.3416
M3H,11.0528
M3J,13.0563
M3K,6.3491
M3L,5.7104
M3M,5.0881
M3N,6.6508
M4A,4.4758
M4B,4.9089
M4C,5.0113
M4E,3.7690
M4G,7.1324
M4H,1.0874
M4J,5.3250
M4K,4.3905
M4L,4.3573
M4M,9.1644
M4N,4.8658
M4P,1.4410
M4R,1.8541
M4S,3.0790
M4T,1.6713
M4V,2.7339
M4W,4.4645
M4X,1.1465
M4Y,1.0366
M5A,3.7157
M5B,0.5576
M5C,0.2219
M5E,0.4951
M5G,0.7095
M5H,0.4726
M5J,4.1369
M5M,5.1585
M5N,2.7540
M5P,3.3673
M5R,2.8276
M5S,1.8915
M5T,1.4718
M5V,3.8341
M6A,5.5599
M6B,5.3266
M6C,2.9792
M6E,5.0027
M6G,3.8615
M6H,4.6523
M6J,2.9426
M6K,2.7728
M6L,4.7863
M6M,8.0960
M6N,8.3243
M6P,4.1581
M6R,2.3243
M6S,8.0100
M8V,7.0416
M8W,6.9498
M8X,2.8732
M8Y,4.8899
M8Z,8.7727
M9A,10.0741
M9B,13.3122
M9C,14.1886
M9L,7.9409
M9M,6.3964
M9N,5.1476
M9P,6.7153
M9R,6.5681
M9V,15.5433
M9W,27.3161
N0A,1035.2298
N0B,2106.5526
N0C,1296.4427
N0E,1365.0123
N0G,5612.6402
N0H,3239.6509
N0J,1494.4442
N0K,1499.1300
N0L,2069.8420
N0M,3593.2568
N0N,1576.4634
N0P,2849.2033
N0R,784.0921
N1A,225.1076
N1C,4.7041
N1E,39.2619
N1G,22.8294
N1H,131.6029
N1K,4.1746
N1L,12.2710
N1M,88.7683
N1P,2.2739
N1R,182.1589
N1S,9.8775
N1T,15.2250
N2A,13.6052
N2B,7.6676
N2C,13.2857
N2E,12.6935
N2G,5.6790
N2H,11.3629
N2J,38.2888
N2K,20.4743
N2L,15.7746
N2M,10.3077
N2N,10.2024
N2P,19.3575
N2R,26.9683
N2T,7.1546
N2V,19.0718
N2Z,283.6428
N3A,196.8159
N3B,56.0565
N3C,56.6023
N3E,14.2872
N3H,26.3894
N3L,136.6595
N3P,7.4808
N3R,16.4913
N3S,21.1132
N3T,245.8371
N3V,0.6066
N3W,191.8540
N3Y,392.1731
N4B,141.7672
N4G,130.0817
N4K,356.4141
N4L,288.4458
N4N,141.6356
N4S,294.6386
N4T,28.6033
N4V,2.0480
N4W,271.1048
N4X,293.3450
N4Z,5.8774
N5A,161.2882
N5C,126.2413
N5H,283.7230
N5L,66.2917
N5P,293.7813
N5R,29.3801
N5V,38.3675
N5W,17.5688
N5X,11.7911
N5Y,11.9884
N5Z,10.2388
N6A,6.0614
N6B,2.9296
N6C,13.4371
N6E,15.4174
N6G,47.7933
N6H,33.7630
N6J,9.4009
N6K,34.3123
N6L,31.5686
N6M,41.6825
N6N,67.5277
N6P,164.9351
N7A,253.3853
N7G,220.6681
N7L,25.7538
N7M,325.6238
N7S,16.0133
N7T,101.9124
N7V,7.5841
N7W,36.1951
N7X,7.1848
N8A,358.8804
N8H,154.9092
N8M,120.0186
N8N,49.2695
N8P,5.7709
N8R,5.8025
N8S,9.0567
N8T,11.3662
N8W,16.6972
N8X,8.2375
N8Y,7.9544
N9A,6.0556
N9B,7.2011
N9C,8.7536
N9E,15.1767
N9G,9.9407
N9H,24.3842
N9J,49.3100
N9K,8.5232
N9V,137.9016
N9Y,76.6327
P0A,4150.6682
P0B,869.5903
P0C,873.0947
P0E,367.6774
P0G,788.8151
P0H,18206.2677
P0J,8531.4233
P0K,14618.4040
P0L,126824.8916
P0M,63926.0532
P0N,1654.6428
P0P,4663.9828
P0R,9014.5396
P0S,13260.6608
P0T,94591.9474
P0V,374847.0227
P0W,14646.5332
P0X,18785.2943
P0Y,78.8305
P1A,18.5185
P1B,547.3026
P1C,5.9895
P1H,815.5869
P1L,680.4089
P1P,379.3228
P2A,903.3394
P2B,65.5880
P2N,21.9581
P3A,46.7649
P3B,21.2363
P3C,10.8105
P3E,1096.0516
P3G,266.1714
P3L,128.8018
P3N,115.8818
P3P,492.1684
P3Y,113.4003
P4N,292.0120
P4P,80.4413
P4R,928.2296
P5A,696.0556
P5E,81.0030
P5N,83.9821
P6A,537.2735
P6B,20.7203
P6C,32.2818
P7A,4089.2115
P7B,13.7363
P7C,40.6583
P7E,12.9523
P7G,4037.9790
P7J,173.3003
P7K,108.4952
P7L,873.7825
P8N,563.9007
P8T,207.6624
P9A,378.0704
P9N,272.5851
R0A,6746.5090
R0B,365302.9907
R0C,39343.0403
R0E,13766.1928
R0G,9685.8031
R0H,7211.6618
R0J,13598.1612
R0K,12815.9876
R0L,52618.0229
R0M,11233.3874
R1A,433.1044
R1B,1.2560
R1C,40.3760
R1N,788.6573
R2C,24.4137
R2E,41.7904
R2G,16.1239
R2H,5.7802
R2J,29.1737
R2K,11.4261
R2L,5.0897
R2M,14.5297
R2N,38.4087
R2P,16.9852
R2R,17.3290
R2V,19.3367
R2W,7.2207
R2X,9.2270
R2Y,24.3418
R3A,1.2667
R3B,2.3016
R3C,143.5857
R3E,6.8929
R3G,6.8919
R3H,11.4989
R3J,13.1924
R3K,5.7966
R3L,5.1130
R3M,7.2201
R3N,8.4898
R3P,18.7201
R3R,15.8162
R3S,26.3222
R3T,24.4294
R3V,27.5055
R3W,6.5506
R3X,17.8090
R3Y,17.6997
R4A,83.7434
R4G,38.8827
R4H,106.3857
R4J,1.1417
R4K,284.8265
R4L,205.1433
R5A,131.6270
R5G,214.8837
R5H,163.2568
R5J,220.0189
R5K,180.5314
R5L,374.1252
R5M,194.7571
R5N,60.9597
R5P,206.8032
R5R,64.1613
R5T,89.4642
R6M,410.7361
R6W,461.4563
R7A,632.8509
R7B,15.2164
R7C,9.6440
R7N,1116.0425
R8A,13.1033
R8N,16.4537
R9A,780.5529
S0A,33998.1118
S0C,19918.7979
S0E,27324.2923
S0G,35863.9704
S0H,30936.1752
S0J,205672.1322
S0K,31703.0270
S0L,29281.5629
S0M,107616.9007
S0N,36943.2487
S0P,49.3742
S2V,3.6350
S3N,1619.7866
S4A,790.3012
S4H,827.5284
S4K,136.3243
S4L,221.3167
S4N,24.7118
S4P,545.4625
S4R,32.0099
S4S,18.7799
S4T,13.6277
S4V,25.4196
S4W,16.0490
S4X,14.4249
S4Y,9.6552
S4Z,0.7468
S6H,1659.4595
S6J,10.3181
S6K,0.4981
S6V,2864.3862
S6W,1.9487
S6X,2.1050
S7A,5.1749
S7B,10.2761
S7C,49.6633
S7H,13.7237
S7J,11.3320
S7K,900.6487
S7L,27.5596
S7M,21.9350
S7N,15.6758
S7P,15.3019
S7R,3.3664
S7S,3.3542
S7T,113.7418
S7V,41.8237
S7W,16.8120
S9A,826.9994
S9H,1762.9584
S9V,1187.8661
S9X,3886.1020
T0A,36758.8253
T0B,30126.9335
T0C,18267.1684
T0E,31996.4341
T0G,61454.2560
T0H,222929.3085
T0J,37636.6318
T0K,24909.8299
T0L,28134.5502
T0M,21253.3146
T0P,37713.1385
T1A,1585.0244
T1B,3971.4223
T1C,9.3869
T1G,947.9745
T1H,38.5865
T1J,340.0114
T1K,273.6045
T1L,4.0833
T1M,575.7247
T1P,990.5690
T1R,207.1508
T1S,1048.7343
T1V,193.9186
T1W,3083.7367
T1X,406.6008
T1Y,15.6642
T1Z,246.8940
T2A,19.5393
T2B,19.6958
T2C,58.1072
T2E,50.9646
T2G,14.4320
T2H,12.8822
T2J,25.6212
T2K,13.6334
T2L,6.9779
T2M,6.0973
T2N,9.8807
T2P,84.6542
T2R,1.1050
T2S,5.6770
T2T,7.6413
T2V,19.3890
T2W,17.4758
T2X,38.5248
T2Y,83.9132
T2Z,23.2445
T3A,20.9830
T3B,28.2063
T3C,10.1125
T3E,17.2151
T3G,25.2334
T3H,36.9499
T3J,27.5819
T3K,38.0947
T3L,58.1662
T3M,33.8043
T3N,26.1930
T3P,82.6956
T3R,123.0519
T3S,37.7364
T3Z,522.7030
T4A,486.5430
T4B,276.9734
T4C,711.5273
T4E,668.0017
T4G,1102.4708
T4H,1063.6785
T4J,1049.2351
T4L,727.1644
T4M,13.7328
T4N,27.8971
T4P,41.1969
T4R,19.9401
T4S,206.2185
T4T,7240.1975
T4V,158.1196
T4X,609.7143
T5A,12.8386
T5B,7.2718
T5C,5.8071
T5E,12.7377
T5G,9.0579
T5H,6.7949
T5J,1.3738
T5K,3.1171
T5L,10.5263
T5M,12.2906
T5N,7.0380
T5P,7.0766
T5R,11.6742
T5S,31.3827
T5T,31.6294
T5V,18.3432
T5W,10.4745
T5X,14.8155
T5Y,111.5691
T5Z,12.0329
T6A,8.8061
T6B,18.7434
T6C,8.5519
T6E,19.6046
T6G,6.2708
T6H,17.8507
T6J,22.2411
T6K,10.1814
T6L,16.6828
T6M,39.0149
T6N,2.7844
T6P,11.4910
T6R,20.4901
T6S,18.1062
T6T,15.5099
T6V,15.5211
T6W,47.2631
T6X,65.4876
T6Y,63.1538
T7A,2176.0102
T7E,8054.3540
T7N,1031.5882
T7P,772.2806
T7S,2419.8105
T7V,4515.9337
T7X,327.1939
T7Y,836.2651
T7Z,37.7236
T8A,40.4982
T8B,104.1479
T8C,125.2650
T8E,237.3922
T8G,245.1564
T8H,39.0293
T8L,460.9995
T8N,47.8360
T8R,709.3947
T8S,25.3423
T8T,379.0062
T8V,55.5709
T8W,331.7517
T8X,307.7419
T9A,978.5581
T9C,580.0067
T9E,42.2531
T9G,14.2554
T9H,23261.4407
T9J,4.8368
T9K,39.1148
T9M,481.3320
T9N,284.9683
T9S,2102.1672
T9V,186.7288
T9W,744.8081
T9X,761.6226
V0A,20695.6446
V0B,19671.1627
V0C,322135.9905
V0E,48020.3801
V0G,15579.8163
V0H,9878.8119
V0J,175022.1807
V0K,35795.9575
V0L,46797.8242
V0M,3928.8119
V0N,21444.9524
V0P,27859.0939
V0R,8323.4862
V0S,1268.6703
V0T,52875.6665
V0V,6782.6881
V0W,1157.8802
V0X,10636.4799
V1A,2165.4528
V1B,388.4829
V1C,2488.4372
V1E,456.3422
V1G,9955.2594
V1H,1040.4599
V1J,181.1558
V1K,6215.8532
V1L,921.2158
V1M,66.4863
V1N,1820.4991
V1P,1082.6425
V1R,811.3129
V1S,273.5477
V1T,25.6932
V1V,60.1088
V1W,76.2800
V1X,219.4354
V1Y,18.4637
V1Z,818.1401
V2A,256.8873
V2B,95.0929
V2C,570.6303
V2E,38.5608
V2G,2605.5602
V2H,219.5452
V2J,21541.3190
V2K,1553.2652
V2L,7.6496
V2M,47.6760
V2N,3604.2069
V2P,90.4795
V2R,241.2295
V2S,35.1456
V2T,37.7816
V2V,2088.4363
V2W,73.3688
V2X,22.2164
V2Y,41.5899
V2Z,92.4853
V3A,24.7740
V3B,20.3421
V3C,22.4531
V3E,81.1342
V3G,196.9056
V3H,59.6587
V3J,14.1606
V3K,15.1872
V3L,6.8129
V3M,8.8073
V3N,11.3859
V3R,19.4160
V3S,52.2236
V3T,8.1460
V3V,18.3082
V3W,23.8831
V3X,13.1604
V3Y,86.7655
V3Z,91.6942
V4A,17.9892
V4B,5.1745
V4C,13.2968
V4E,7.0620
V4G,10.8898
V4K,135.2378
V4L,6.5825
V4M,13.6993
V4N,68.1612
V4P,10.6623
V4R,172.6180
V4S,169.6960
V4T,67.2407
V4V,124.1732
V4W,94.4271
V4X,130.7937
V4Z,682.0563
V5A,21.5915
V5B,8.5705
V5C,7.3639
V5E,7.4223
V5G,11.7392
V5H,6.9021
V5J,13.7384
V5K,5.8956
V5L,3.4843
V5M,4.9012
V5N,4.9259
V5P,5.1674
V5R,5.8547
V5S,7.0962
V5T,3.0897
V5V,3.7289
V5W,3.2086
V5X,6.4234
V5Y,4.1847
V5Z,3.7848
V6A,3.2696
V6B,1.9812
V6C,0.3778
V6E,1.2187
V6G,5.0571
V6H,2.7252
V6J,4.3035
V6K,3.1573
V6L,3.4062
V6M,4.4421
V6N,7.3941
V6P,8.8707
V6R,4.7671
V6S,4.0180
V6T,7.2837
V6V,23.8155
V6W,23.1463
V6X,13.3262
V6Y,9.9996
V6Z,1.0279
V7A,9.9199
V7B,17.9452
V7C,10.6744
V7E,20.0456
V7G,43.5829
V7H,35.3593
V7J,28.8174
V7K,7.7674
V7L,7.2661
V7M,3.9548
V7N,18.9085
V7P,5.7231
V7R,24.6500
V7S,67.9945
V7T,3.9999
V7V,6.7319
V7W,810.0130
V7Z,9.4222
V8A,807.9347
V8B,3134.9647
V8C,239.2799
V8E,239.9955
V8G,9721.8369
V8J,3027.6415
V8K,182.9422
V8L,45.3718
V8M,44.7221
V8N,15.0089
V8P,8.9531
V8R,8.0457
V8S,7.0641
V8T,5.2509
V8V,4.6697
V8W,1.1075
V8X,12.9420
V8Y,10.7091
V8Z,18.5651
V9A,13.0600
V9B,70.8489
V9C,100.9778
V9E,178.5848
V9G,124.2019
V9H,2880.7689
V9J,187.5907
V9K,395.3983
V9L,626.5461
V9M,29.0435
V9N,831.4049
V9P,118.8923
V9R,62.8495
V9S,13.4742
V9T,27.2258
V9V,6.1822
V9W,89.2306
V9X,1383.6257
V9Y,1725.9167
V9Z,149.4105
X0A,970387.7204
X0B,452361.3830
X0C,414244.6732
X0E,920802.8987
X0G,67.6132
X1A,206841.4058
Y0A,158266.8753
Y0B,311462.8154
Y1A,2615.7443
